"RegionName","State","Metro","StateCodeFIPS","MunicipalCodeFIPS","SizeRank","2010-01","2010-02","2010-03","2010-04","2010-05","2010-06","2010-07","2010-08","2010-09","2010-10","2010-11","2010-12","2011-01","2011-02","2011-03","2011-04","2011-05","2011-06","2011-07","2011-08","2011-09","2011-10","2011-11","2011-12","2012-01","2012-02","2012-03","2012-04","2012-05","2012-06","2012-07","2012-08","2012-09","2012-10","2012-11","2012-12","2013-01","2013-02","2013-03","2013-04","2013-05","2013-06","2013-07","2013-08","2013-09","2013-10","2013-11","2013-12","2014-01","2014-02","2014-03","2014-04","2014-05","2014-06","2014-07","2014-08","2014-09","2014-10","2014-11","2014-12","2015-01","2015-02","2015-03","2015-04","2015-05","2015-06","2015-07","2015-08","2015-09","2015-10","2015-11","2015-12","2016-01","2016-02","2016-03","2016-04","2016-05","2016-06","2016-07","2016-08","2016-09","2016-10","2016-11","2016-12"
"Los Angeles","CA","Los Angeles-Long Beach-Anaheim","06","037",1,,,,,,,,,,,,,,,,,,,,,,,,,,,,,,,,,,,,,,,,,,,,,,549900,549900,560000,548600,549000,548919,556500,575000,585000,597197,599000,599000,599000,595000,599000,599000,610000,619000,650000,669966,675000,675000,691500,690000,699000,699000,699000,695000,699000,699900,699000,728000,749000,749000,749000,750000,750000,757500,749900
"Cook","IL","Chicago","17","031",2,,,,,,,,,,,,,,,,,,,,,,,,,,,,,,,,,,,,,,,,,,,,,,,169000,155000,149900,157500,169000,164900,170000,189900,190499.5,189900,195000,195000,179900,169000,160000,165750,174900,184900,195000,196000,197000,199900,199000,199900,199000,190000,185000,185000,198250,215000,219900,215000,213950,209999,209900,207000,199900,199000
"Harris","TX","Houston","48","201",3,,,,,,,,,,,,,,,,,,,,,,,,,,,,,,,,,,,150000,150000,150000,155450,163950,169000,160000,164990,169999,175000,175000,175000,180000,178995,175000,176000,175000,192950,182450,196000,197925,199900,199949.5,220000,217450,212500,210000,222500,229000,225000,259900,259000,272500,278500,280000,279000,265000,279000,289990,276950,275000,275995,298990,306895,350000,311990,314990,345000,350000,350000
"Maricopa","AZ","Phoenix","04","013",4,,,,,,,,,,,,,,,,,,,,,,,,,,,,,,,,,,,,,,,145000,144000,145950,159400,162141.5,165000,167500,165000,159990,169000,165000,167999.5,169900,171425,169925,169000,165999.5,167650,169900,169000,160000,164000,167000,169000,174500,175000,175000,185000,179925,189900,220000,224900,221900,220000,219000,215000,224950,215000,230000,240000,236000,230000,237000,249900,249950,255000
"San Diego","CA","San Diego","06","073",5,,,,,,,,,,,,,,,,,,,,,,,,,,,,,,,,,,,,,,,,,,,,,,,,,,,,,,,,,,,,579000,615000,647000,675000,682000,699000,650000,722000,725000,659450,679000,695000,692450,695000,679000,750000,744000,750000,799000,825000,824950,824900,799000,749000,749450
"Orange","CA","Los Angeles-Long Beach-Anaheim","06","059",6,,,,,,,,,,,,,,,,,,,,,,,,,,,,,,,,,,,727000,729000,749000,749000,749000,774900,777000,795000,832375,829000,839900,8e+05,772450,779000,796500,810000,789000,848000,850000,860000,887000,874950,869450,895000,886950,859710,892897,861853.5,879450,856102.5,898000,939000,925000,995000,925000,972500,975000,969500,988000,1050000,1055000,1050000,1091250,1098000,1150000,1199500,1225000,1225000,1170000,1150000
"Kings","NY","New York","36","047",7,549000,549000,549000,549000,540000,549000,549000,545000,549000,529000,529000,529000,528000,526999.5,530000,529000,529000,539000,539000,530000,535000,529000,529000,539000,534999.5,539000,529643,529000,529000,545000,539000,539000,549000,549000,559000,569000,565000,575000,590000,599000,594000,599000,629000,639000,649900,669000,685000,699000,7e+05,729000,749000,749000,750000,777450,792500,798999.5,795000,799000,799000,825000,865000,869000,875000,899000,948000,9e+05,899999,919000,960000,998000,999000,999000,1070000,1100000,1175000,1199000,1180000,1190000,1175000,1189999.5,1199000,1195000,1195000,1199444
"Miami-Dade","FL","Miami-Fort Lauderdale","12","086",8,,,,,,,,,,,,,,,,,,,,,,,,,,,,,,,,,,,,,,,,,,,,,,,,,278995,269900,259450,265000,250995,261000,264900,275990,289950,280000,269900,295000,285000,297950,3e+05,325000,299900,299900,315000,320000,334900,349000,369000,362500,380000,360000,341999,379900,389900,385000,399000,399000,425000,425000,415000,424900
"Queens","NY","New York","36","081",9,590000,590000,594999,589000,579994.5,570000,569000,570000,569000,559000,559000,549000,549000,549000,549000,539000,549000,549000,545000,544900,539000,539700,539000,538900,539000,535000,529000,530000,549000,539999,549000,539000,525000,519000,539000,529000,529000,539949.5,540000,549000,550000,549000,559000,559000,559000,559000,545000,549500,559000,559000,568000,595000,599000,610000,625000,629000,625000,619000,599000,599000,6e+05,599000,599000,629000,649900,649000,675000,690000,699000,699999,719000,719000,729000,729000,735000,759000,768000,770000,769000,775000,799000,822450,799000,784000
"Riverside","CA","Riverside","06","065",10,,,,,,,,,,,,,,,,,,,,,,,,,,,,,,,,,,,259500,255000,283000,299000,320000,325000,339950,349000,340000,325000,325000,319500,294950,299500,298500,309900,299900,299900,325000,325000,309900,332450,325000,349000,349000,335000,349000,340000,329900,329000,349000,360000,352500,359999,375000,355000,375000,360000,365000,350000,365000,384900,399450,399900,399000,384500,399900,4e+05,399000,399900
"San Bernardino","CA","Riverside","06","071",11,,,,,,,,,,,,,,,,,,,,,,,,,,,,,,,,,,,,,,,,,,,,,,,269000,275000,275450,274950,275000,285000,295000,295000,282000,299900,297000,299900,295000,3e+05,299900,312500,299444,299000,289000,279913.5,285000,3e+05,295000,299450,298450,290000,294000,290000,300950,299900,299250,302950,310000,310000,310000,325000,325000,314750
"Clark","NV","Las Vegas","32","003",12,,,,,,,,,,,,,,,,,,,,,,,,,,,,,,,,,,,,,,,,,,,,,,,,,175000,176500,179000,180000,185000,185000,188000,189950,195000,194950,190000,195000,199000,195000,193317.5,187950,169000,160000,181000,182500,189900,195444,184900,191250,190000,189900,189900,199000,195000,199900,210000,211400,215000,218750,219900,219900
"King","WA","Seattle","53","033",13,,,,,,,,,,,,,,,,,,,,,,,,,,,,,,,,,,,,,,,,,,,,,,,,399900,399990,410000,399000,414995,399990,460000,499950,497990,499725,5e+05,499999,499974.5,520000,489500,5e+05,499950,565000,577475,565000,542450,549950,572500,595000,600001,576495,642475,712500,699900,697000,675000,660000,679950,652500,699000,719000,694950
"Tarrant","TX","Dallas-Fort Worth","48","439",14,,,,,,,,,,,,,,,,,,,,,,,,,,,,,,,,,,,98500,109900,105000,109500,110000,119000,117900,116500,119450,123700,124900,125000,124900,124900,119950,121000,123900,123450,124900,115000,119900,120000,125000,129900,124949.5,129950,130000,130000,151500,150000,149000,149900,149900,146000,145000,139000,134900,139900,139900,140000,140000,140000,149900,150000,155000,150000,155000,158499.5,155000,169000
"Santa Clara","CA","San Jose","06","085",15,,,,,,,,,,,,,,,,,,,,,,,,,,,,,,,,,,,,,,799000,799500,775000,799000,750000,750000,727475,739990,725000,650000,678990,695888,749990,748495,738000,787450,779880,779975,778351.5,725000,749950,715000,842000,843300,875000,8e+05,829000,843064.5,856495,888500,899000,984097,899888,909960,865250,925000,970000,970000,970790,973285,999000,999000,999950,1025935,982965,972158.5,983830
"New York","NY","New York","36","061",16,,,,,,,,,,,,,,,,,,,,,,,,,,,,,,,,,,,,,,,,,,,,,,,,,,,,,,,,,,,,,,,,,,2210000,2300000,2390000,2300000,2200000,2247500,2247500,2495000,2495000,2410000,2447500,2597500,2700000,2700000,2850000,2995000,2815000,3e+06,3255000
"Philadelphia","PA","Philadelphia","42","101",17,,,,,,,,,,,,,,,,,,,,,,,,,,,,,,,,,,,168900,170000,154900,157900,160000,159900,174900,179900,175000,175000,179900,174999.5,179900,179500,174449.5,169900,169900,169900,179813.5,179900,175000,168000,179900,174900,163900,169900,177950,179950,183900,190000,179450,174900,169900,169900,169000,159900,159900,168950,169798,169900,169900,174925,169900,168925,169374,168950,168950,174000,169849,169798
"Alameda","CA","San Francisco","06","001",18,,,,,,,,,,,,,,,,,,,,,,,,,,,,,,,,,,,,,,,,,,,,,,,,499500,525378.5,550000,575995,575000,622500,624500,599000,599000,599000,588000,625000,625000,599000,599000,650000,657538,620000,610000,601995,609000,648000,659000,662500,645090,669000,669000,699000,749000,749900,768000,763000,775000,750000,778545,778090,759000
"Middlesex","MA","Boston","25","017",19,361450,369000,370000,379900,389900,389000,389000,379777,389900,396400,389900,375000,359000,350000,350000,349900,375000,389900,379900,379000,361000,344995,349950,349000,345500,369900,383995,395000,399900,409000,400997,410000,399900,399900,399900,399000,395000,401947.5,399900,419938.5,449900,449949.5,449900,439900,439900,434900,424000,4e+05,399947.5,448900,459900,479000,499900,479900,469900,474950,487000,485000,488000,479949.5,465000,469850,490000,499900,500565,519900,549000,525000,529900,539000,529900,519900,499450,499900,537450,550000,561925,588000,599000,579000,574900,580000,584500,559947.5
"Suffolk","NY","New York","36","103",20,365000,359000,359000,349999,349990,349000,349000,350000,349999,349000,355000,349000,340000,329990,334000,329000,339000,339000,349000,349000,349000,347999,345000,329990,329000,329945,325000,329000,349000,339000,332450,328495,324850,325000,335499.5,339000,348000,349900,349000,349000,359000,349000,359990,359450,374945,359000,369000,374950,375000,379223,379000,385000,395000,399000,399000,399999,407500,399037,395000,391933.5,394000,385000,379994.5,379000,389000,399000,399000,395000,389995,389990,388500,374995,359000,369990,385000,399000,394500,399000,399000,389000,399000,385000,374995,384000
"Sacramento","CA","Sacramento","06","067",21,,,,,,,,,,,,,,,,,,,,,,,,,,,,,,,,,,,,,,,,,,,,,,,247900,269900,256450,268944,267000,293944,3e+05,294500,313000,299000,299000,299000,293500,286875,286875,275000,299000,319888,319944,333000,345000,339000,339000,336950,338999.5,333450,330000,325000,329450,329900,330300.5,349000,349975,330000,329450,350000,350000,354500
"Bronx","NY","New York","36","005",22,476500,475000,476500,475000,470000,469000,465000,469000,469000,465000,465000,459000,450000,449000,450000,449000,449000,449000,449000,449000,449000,445250,449000,449000,449000,449000,449000,449000,449000,449000,449000,449945,449000,449000,450000,450000,450000,459000,459000,459000,459000,476000,489000,499000,499000,499000,499000,498500,499000,499000,499000,499000,499000,499000,499000,495000,499000,499000,499000,499000,495000,495000,495000,489000,495000,499000,515000,529000,535000,539000,515000,525000,535000,549000,549000,549000,549000,549000,550000,559000,560000,569000,579000,579000
"Nassau","NY","New York","36","059",23,429000,429000,438500,439000,442500,445000,439000,459000,459000,439000,429000,449000,449000,449000,445000,444999,439000,439000,435000,439000,439900,439000,449000,439990,433500,434000,439000,449000,459000,459000,449800,449000,439950,429950,433999.5,434999,439000,439000,449000,460000,469990,465000,472500,469000,475000,476500,469000,478000,475000,495000,499000,499000,499000,499000,499000,496500,499000,489000,485000,489000,489945,491500,489000,499000,499999,519000,519000,519000,518000,519000,529000,525000,529000,525000,519000,499000,529000,539000,539000,549000,549000,549000,549000,546500
"Palm Beach","FL","Miami-Fort Lauderdale","12","099",24,,,,,,,,,,,,,,,,,,,,,,,,,,,,,,,,,,,,,,,,,,,,,,,,,,,,,,,,,,,,,,,,269900,250000,260000,255000,249900,253000,255000,260000,267000,272000,259900,259700,259000,265000,250000,258500,253000,265000,269900,275000,289900
"Cuyahoga","OH","Cleveland","39","035",25,46080,49950,49900,54900,54900,59900,55000,55000,56850,56000,54900,53000,50000,54900,49900,44900,45535,45000,45700,49450,49900,47900,49900,47500,49900,49900,49000,49900,49900,49900,49900,50000,49900,49900,49900,49900,47000,45727.5,49900,49900,54900,59900,59900,59900,59000,59000,60000,59900,59900,60000,65000,62000,64900,65000,65000,65250,64900,62900,60000,59999,59900,58900,56000,59900,59000,59900,60000,58000,60450,59999,58900,55700,55000,54900,59900,59900,60000,60000,64900,64900,62000.5,62900,62450.5,59900
"Allegheny","PA","Pittsburgh","42","003",26,,,,,,,,,,,,,,,,,,,,,,,,96700,94900,99000,97900,92000,96500,95000,94949.5,95000,95250,94900,99250,94950,99900,99900,104500,105900,109907.5,109957.5,109450,109000,109900,106907.5,105407.5,99000,109900,105000,114950,120000,115000,123250,115000,129000,125000,135000,127900,124450,125000,129900,130000,127900,131250,138500,133950,129900,129900,129540.5,129900,125000,125000,129000,128500,129900,129540.5,129900,129900,125000,124500,124500,124900,127450
"Hennepin","MN","Minneapolis-St Paul","27","053",27,,,,,,,,,,,,,,,,,,,,,,,,,,,,,,,,,,,,,,174900,189564.5,197500,189900,198875,199900,189900,194990,199900,194450,182900,174450,175000,197450,209900,219900,229900,229450,229000,229234,225000,224900,213000,229945,224990,219950,233580.5,249382,250000,250000,256374,247000,234900,239900,235000,239900,245000,249900,250000,275450,289900,287000,282000,282000,275000,249950,250000
"Fairfax","VA","Washington","51","059",28,,,,,,,,,,,,,,,,,,,,,,,,,,,,,,,,,,,,,,344900,369900,362500,359000,359000,361000,389750,397400,399900,357400,365000,369000,388810,388310,352000,378725,379900,389900,384990,385000,375000,372445,372490,369900,386990,394990,394990,395990,394990,349900,388990,395245,357450,355000,377450,396990,401459.5,408937,399900,399990,393495,402990,416911,422400,419900,407532.5,394990
"Contra Costa","CA","San Francisco","06","013",29,,,,,,,,,,,,,,,,,,,,,,,,,,,,,,,,,,,,,,,,,,,,,,,,,,,,,,548000,509000,499400,499000,489000,450000,450000,450000,499000,520509.5,534661,5e+05,499500,499500,549950,555000,504975,499950,450000,499000,474500,475000,522497.5,475000,519000,539499.5,579500,599000,599000,599000,599000
"Pima","AZ","Tucson","04","019",30,,,,,,,,,,,,,,,,,,,,,,,,,,,,,,,,,,,139900,140320,132475,132475,129950,140000,143657,159700,158600,149900,159900,158150,159900,177000,187000,185500,179900,179000,185000,179900,184950,186000,194667,175000,169950,164900,162450,169000,163500,169000,177000,168500,159900,156900,155000,159900,159450,159000,157000,155000,159000,155000,159900,157200,170000,164095,155000,164900,179000,192450
"Westchester","NY","New York","36","119",31,449000,440000,449000,449000,449000,439021,439900,449000,449000,437000,439000,429000,425000,399700,4e+05,399000,399000,399900,415000,415000,409000,4e+05,4e+05,4e+05,402500,399000,399000,4e+05,399999.5,410000,415000,4e+05,4e+05,4e+05,414950,399999.5,4e+05,415000,405000,399999,4e+05,399999,399999,399000,399990,399500,399416.5,412500,399000,399000,399945,399600,399900,399000,415000,425000,425000,425000,419900,410700,419950,429000,425000,424900,444950,449000,449000,440000,429021,425000,425000,404500,399000,399003.5,399000,417000,425000,419450,429000,429021,445000,445000,449000,435000
"Milwaukee","WI","Milwaukee","55","079",32,,,,,,,,,,,,,,,,,,,,,,,,,,,,,,,,,,,,,,,,,,,,,,,,,,,,,89900,99900,1e+05,104900,109900,99900,89000,84450,79900,75900,79900,85000,93900,90000,99900,99000,99000,89900,89900,89900,87700,79900,79900,89950,99949.5,114900,114900,114000,109900,109900,106000,93900
"Fresno","CA","Fresno","06","019",33,,,,,,,,,,,,,,,,,,,,,,,,,,,,,,,,,,,,,,,,,,,,,,,,,,225000,229000,249900,249950,242250,229700,215000,215000,234750,219900,199900,229900,220000,229950,230000,229475,229475,220000,219900,226500,229000,249900,249950,249900,249950,249950,249975,265000,280000,295000,275000,3e+05,3e+05,3e+05,299950
"Erie","NY","Buffalo","36","029",34,,,,,,,,,,,,,,,,,,,,,,,,70000,71000,75000,70000,74900,74900,74900,74950,79900,74900,73500,70500,69900,69800,69900,69900,78500,79250,79900,79000,79900,77900,75000,72000,72900,79000,84450,82500,80950,83900,89000,89900,92950,92900,95400,94900,89900,89900,97900,97900,93000,99900,97900,97400,89900,89900,82800,75000,74900,75000,73950,79900,82900,85000,98950,91900,89850,88500,84900,80000,79900
"Du Page","IL","Chicago","17","043",35,,,,,,,,,,,,,,,,,,,,,,,,,,,,,,,,,,,229990,215990,228990,239900,243990,250990,253990,261730,252490,249990,274945,274860,256490,278995,259900,273990,259900,268990,268990,285810,282990,309855,314990,3e+05,314900,314489.5,327990,313495,322338,318670,317960,309990,317930,324330,320000,329990,318945,315112.5,317990,329805,323850,325000,349450,339900,339450,349800,342895,339990,349995,359990
"Fairfield","CT","Stamford","09","001",36,239900,249000,249000,239900,226418,229000,222450,214900,224950,224900,220000,215450,225000,215000,224900,235000,249900,250000,250000,249900,232250,230000,230000,222450,215000,225000,239998.5,250000,249995,249900,249947.5,229000,265000,261500,279000,269950,259000,265000,275000,279000,278900,291995,296747.5,299900,278900,279400,272995,269900,285000,288950,295000,295000,309900,299900,299000,278900,269900,269000,275000,278950,274995,276950,290000,279000,289700,298000,289950,3e+05,294500,284900,269950,273500,259000,265000,289900,299999.5,316450,340000,340000,327000,319900,309999.5,299900,269900
"Pinellas","FL","Tampa","12","103",37,,,,,,,,,,,,,,,,,,,,,,,,,,,,,,,,,,,,,,,,,,,,,,,,,,,,,,,,,237990,224000,219000,219900,212500,219000,206187,209950,199000,196450,194900,214700,219950,225000,229000,229000,234900,229000,229450,249900,250000,269900,269000,250000,265000,265000,264900,279350
"Bergen","NJ","New York","34","003",38,349000,359000,409000,420000,429000,399000,399000,414500,414500,425000,404950,422000,449000,394450,405000,384900,386950,389000,389000,356950,349000,339450,349390,359990,369450,387000,375000,385495,372000,389500,375999,380000,389000,389000,399000,399000,404450,405000,419950,399000,394000,407450,419500,420000,418500,419900,379000,399000,399000,416500,359900,354900,4e+05,433794,429000,399999.5,399900,419000,399900,399900,429000,405000,399999.5,435000,439500,474900,489000,505370,489990,512000,526058,539995,539495,540000,540144,525592,502000,497450,499900,499450,499000,462450,499000,550000
"Marion","IN","Indianapolis","18","097",39,,,,,,,,,,,,,,,,,,,,,,,,,,,,,,,,,,,,,,,,,,,,,,,,,,,,,69900,69900,65000,62950,64999,64999,66000,65000,65000,64900,64999,64999,64900,64900,60000,59900,55450,56000,50400,53000,55000,56624.5,59000,56000,59950,63500,67500,68000,65000,65628,65000,65000
"Wake","NC","Raleigh","37","183",40,,,,,,,,,,,,,,,,,,,,,,,,,,,,,,,,,,,191402.5,184945,179900,185445,191990,200140,194900,193040,197915,200140,196640,197752.5,213270,229450,224192.5,220400,215990,218900,223400,238400,256990,262195,260445,262447.5,264990,273226,281990,282195,286990,284060,292891.5,289990,291915,297240,299945,303149,301990,299900,306100,309995,313730,324803,320866.5,323990,304990,319990,332990,334900,346666,364470
"Hartford","CT","Hartford","09","003",41,189900,189900,189900,189900,189900,189900,189900,189900,189900,187900,185000,184500,179900,179900,179900,179700,179900,179900,179900,179000,175000,174900,175000,169950,169900,169900,169900,174900,175000,174900,170000,170000,169900,166450,165000,164900,164900,162900,164900,168900,169900,174900,179000,176450,175000,175000,175000,172436,169900,174700,174900,174000,175000,179900,179900,179000,175000,175900,175900,175000,178000,174900,169900,169900,176507.5,179900,174950,178200,174900,169900,169900,169000,164900,169000,169900,179900,175450,179900,179900,179888,179000,175000,175000,175000
"New Haven","CT","New Haven","09","009",42,174850,179900,179900,179000,179450,174900,169900,169900,169900,169900,164950,159000,159000,150000,156150,159000,159250,159900,159000,159900,159950,149950,159000,159900,159000,157400,155900,159900,160000,159900,159000,159900,159000,152450,154900,149900,149000,149900,149900,149900,159900,159900,165000,160000,164900,160000,159900,159900,159000,159000,164900,174900,179900,179950,184900,179900,179900,179450,174999.5,169900,170345,169943.5,169900,179900,179937.5,189900,184900,179900,179900,184900,178000,174900,179900,179900,185581,189000,189900,189850,189000,186000,189000,185000,189000,179700
"Kern","CA","Bakersfield","06","029",43,,,,,,,,,,,,,,,,,,,,,,,,,,,,,,,,,,,,,,,,,,,,,,169000,177900,189950,192450,180000,189000,189900,189000,189950,189000,189495,189495,189000,179900,179900,179000,179900,175000,185000,182500,185000,185000,189000,185000,187000,185000,185000,199900,185700,199900,198500,189722,187000,194990,189990,199900,195000,179950,188800
"Ventura","CA","Ventura","06","111",44,,,,,,,,,,,,,,,,,,,,,,,,,,,,,,,,,,,,,,,,,,,,,,479900,449450,494900,497000,527500,576450,577900,575000,529900,550000,550000,562500,534500,602000,605000,629900,629900,599450,614900,649999,649500,695000,699000,7e+05,709500,687000,595000,599900,599900,677000,670000,677000,642500,629000,598000,579000,597000,635000,693500
"Gwinnett","GA","Atlanta","13","135",45,,,,,,,,,,,,,,,,,,,,,,,,,,,,,,,,,,,,,,,,,,,,,,,,139950,139900,139450,144950,149900,149900,159900,160000,145000,154900,140000,139900,142500,142745,149900,159500,159500,159500,149900,129900,142990,159900,159900,161450,164900,165000,169900,169900,176500,178000,175000,172800,171400,175000,188450,204724.5,206224.5
"San Francisco","CA","San Francisco","06","075",46,984000,998000,980000,1050000,998000,955000,962500,988000,1095000,1095000,1075000,1049000,999999,932500,954500,840000,879000,907500,915000,925000,897000,889900,979000,977500,9e+05,929000,995000,998000,1072500,1100000,1149000,1092500,1050000,1100000,1150000,1158000,1225000,1230000,1230000,1299000,1300000,1299950,1300000,1299000,1300000,1375000,1152500,1200000,1399000,1350000,1322000,1399000,1400000,1412500,1349000,1380000,1397000,1598000,1591500,1588000,1619000,1495000,1599500,1650000,1725000,1750000,1699000,1599500,1599000,1750000,1800000,1849000,1920000,1750000,1895000,1888000,2e+06,1999000,1950000,1899000,1929000,1995000,1995000,1998000
"Hamilton","OH","Cincinnati","39","061",47,,,,,,,,,,,,,,,,,,,,,,,,87900,83900,79950,79900,85000,84900,89000,89000,85900,85000,85950,84900,85000,82900,86450,89900,89900,96000,94900,94999,98000,94700,94900,94900,87250,89900,83700,85000,89900,92500,94900,99900,95000,99900,99900,1e+05,95000,99900,99900,94900,98950,99900,104125,105000,109000,106900,104900,109900,109900,106700,104900,99900,1e+05,109900,109900,109900,104900,105000,99900,99900,99000
"Montgomery","PA","Philadelphia","42","091",48,250000,249900,249450,249900,249000,240000,235000,225000,231700,230000,229000,217950,216900,209950,209900,214900,219900,219900,219700,224000,205450,207000,215000,212800,219700,239900,229900,230000,235000,219900,222400,213495,217200,224950,219900,222450,209500,216995,216995,225495,229000,225000,215000,214495,224900,229900,224728,225900,217000,215000,210000,221900,228500,239000,219000,214900,225000,239750,239900,239750,230000,243900,250000,255000,249900,249900,239900,249900,249900,240000,249400,234894,229900,239499.5,239000,229900,232400,229900,229900,220000,228100,224900,219900,223900
"Worcester","MA","Worcester","25","027",49,189000,189900,189999,194900,189900,183950,180000,179900,184200,179900,179900,169999,169000,159900,155000,159000,162250,169900,169900,165000,164900,164900,159900,157250,159900,155450,154900,155000,159900,164900,159900,161000,161500,169000,169900,164900,158500,159900,160000,169000,175000,178500,179900,189900,179900,179900,185000,184500,174900,179900,179950,184900,189900,189000,184900,184900,185000,188500,189900,184950,179900,179950,179900,190000,199900,199900,2e+05,199900,199900,199900,199000,197900,193950,193950,199000,209000,210900,219950,221450,215000,219900,224900,220000,219900
"Pierce","WA","Seattle","53","053",50,307500,299000,260000,264975,271950,260000,267000,259950,267000,250000,249900,249500,245000,252500,255000,249950,244950,244000,239950,241475,225000,195000,225000,230000,205000,225777,226388.5,225000,217000,215000,217450,220000,227475,229900,234500,239925,249000,245000,249900,262500,256700,259950,259950,259950,269900,259950,248250,249900,269450,249950,269000,250000,264950,272500,284950,299000,288500,279925,275000,269990,269990,275000,275000,284990,295000,295000,307000,299950,299950,299950,319000,321250,310000,309925,323750,322500,322500,325000,329950,330000,330000,339000,330000,340000
"Essex","NJ","New York","34","013",51,,,,,,,,,,,,,,,,,,,,,,,,209450,210000,232000,229000,211250,199000,199900,212500,214999.5,220000,227000,229000,245000,239000,244900,225000,239000,225000,222499.5,215000,235000,219950,225000,217000,212500,205000,214500,220000,225000,227450,230000,249900,250000,250000,239950,249900,249900,239000,230000,237000,245000,245900,252500,249900,255000,269999,249900,250000,230000,249000,260000,279000,230000,244450,257500,249900,234900,239900,249000,245000,239900
"Monroe","NY","Rochester","36","055",52,,,,,,,,,,,,,,,,,,,,,,,,,,,,,,,,,,,,,,,,,,,,,,,,,,,,,,,,,,54900,59900,59900,57000,58900,59900,64900,66900,59900,59900,59899,54950,56950,54900,59899,59900,57500,54900,54900,59209,59900,59354.5,59900,59900,64900,63750,57700
"Essex","MA","Boston","25","009",53,274900,279000,279900,287500,282400,279900,279900,279900,269000,268500,269450,259000,251000,239700,239450,239900,249900,257000,257900,265900,259000,253000,249900,249900,250000,249900,259900,261000,269900,274900,269900,275000,279450,279000,285000,274900,278900,269900,279800,295000,309900,324900,309900,319000,319950,309900,305000,299900,309900,327000,319000,327000,326330.5,332000,334950,325000,324900,329900,319900,329900,329900,319000,323000,350000,364900,359900,368925,369000,364900,359900,359900,359900,349900,349900,350875,369000,379900,385450,389997,399000,389450,399900,399000,389900
"Suffolk","MA","Boston","25","025",54,349900,349000,349000,349900,359000,359000,359050,355900,348500,349000,349000,332700,339000,325000,339000,334900,350000,349000,349000,339000,339000,329000,334900,329000,335000,339000,347875,352000,369900,384900,379450,375000,379000,379000,389000,399900,409000,399900,419900,439900,449000,469000,459900,455450,459450,449900,464900,457000,459000,470000,464500,479000,499900,499999,499888,499399.5,499000,499900,499949.5,499000,499000,499900,509450,538000,538000,549000,549900,549000,569000,560000,569900,559500,579000,569900,579000,599000,599000,599900,599900,599900,599850,599916,599900,615000
"San Mateo","CA","San Francisco","06","081",55,,,,,,,,,,,,,,,,,,,,,,,,,,,,,,,,,,,,,,,,,,,,,,,,,,,,,,,,,,,,,,974475,995000,1049000,1160000,1191500,1241950,1149250,1125000,1250000,1212499.5,1252000,1275000,1228000,1229999,1229999,1239749.5,1299000,1335000,1395000,1300000,1399000,1433500,1433000
"Snohomish","WA","Seattle","53","061",56,342500,339500,330000,327500,328897.5,336500,315000,312425,319000,304950,299450,299950,299950,280000,289000,289000,285000,277000,277000,277000,265000,249000,250000,274999,249925,279970,275000,277475,260000,249999,260000,264500,264500,275000,264000,261750,3e+05,297475,295000,307000,316500,335950,349000,339950,339950,310000,314950,318500,299450,335000,345000,342450,312475,327445,334995,305000,334995,335000,369000,369000,350000,350000,350000,325000,344990,349000,354450,350000,350000,350000,349950,347000,339900,337000,364975,369950,385000,404975,435000,419950,422475,440000,450000,430000
"Lake","IL","Chicago","17","097",57,,,,,,,,,,,,,,,,,,,,,,,,,,,,,,,,,,,,,,,,,,,,,,,,,,,,,,,,,,,,,,,,,,,,,,,112450,112450,120000,126394,129900,119444,116000,125900,135000,139825,150000,147400,129450,128500
"San Joaquin","CA","Stockton","06","077",58,,,,,,,,,,,,,,,,,,,,,,,,,,,,,,,,,,,,,,,,,,,,,,,,,,,,,,,269950,257000,243000,235000,235000,235000,210000,209975,222500,240000,240000,249900,269000,274950,259900,251500,254997.5,250000,253000,265000,289950,286500,287000,275000,270000,275000,299000,299999,286000,299000
"Jackson","MO","Kansas City","29","095",59,,,,,,,,,,,,,,,,,,,,,,,,105000,90000,105000,108000,107000,107000,97500,95000,93000,90000,99000,99500,89950,94900,99000,95000,99500,99988,90900,90000,90000,90000,90000,99900,90000,88000,85900,84950,89000,89900,97500,99700,99700,95000,92500,90000,90000,88250,90750,98500,99000,99700,105000,105000,101750,109950,110000,108950,99950,113950,109900,114500,115000,112950,103000,106700,112750,120000,120000,114900,109900
"Norfolk","MA","Boston","25","021",60,384500,379000,379000,382400,385000,379900,389900,389900,385250,392400,384950,364900,365000,350000,349000,349900,358000,352130,352810,369900,368950,339900,368500,359000,349000,359900,374900,379900,375000,374900,368500,357400,365000,368750,369900,362450,379000,369900,379000,379175,390260,409900,429900,429949.5,419900,425000,399900,426500,434900,439900,449900,449900,439900,438000,459000,462450,460000,459500,454500,435450,449900,461242,499450,510000,499900,499900,499900,504500,525000,548800,529000,529000,499999,529950,574000,549900,528500,529900,549900,527450,519000,525000,525000,499900
"Hudson","NJ","New York","34","017",61,349999.5,349900,349000,349000,343000,339000,330000,330000,329000,329000,329000,329000,329000,327174.5,325000,339000,349000,349000,349000,359000,329700,302500,332000,331000,339000,340000,340000,325000,329000,340000,334000,329700,340000,348500,327000,319000,329950,335000,325000,344000,329000,335000,325000,335000,319995,301612.5,350000,349000,329700,329400,299000,299000,345000,349000,375000,369000,399999,392000,399999,422500,399900,425000,425000,409900,425000,409900,399000,425000,469000,475000,475000,479000,499000,499949.5,485000,484500,495000,499000,510000,499000,524500,509500,469000,469000
"Providence","RI","Providence","44","007",62,154500,159900,159900,159900,159000,159900,159900,159000,154900,149900,149900,144900,144000,144900,144900,139999,148450,142900,144900,139900,139900,135000,137750,137500,135000,134900,130000,134900,129900,129900,120000,125000,126500,129400,130000,129900,129900,129900,129900,149000,144900,144900,144900,139995,149788.5,149900,149000,149000,149000,149000,149900,155000,155000,159900,160000,159000,155000,154800,155000,149900,149900,150000,155450,159900,160000,161650,169900,169900,169900,174950,169950,168750,165000,164900,169900,175000,179900,179900,179900,179900,180000,185000,189900,189900
"Bucks","PA","Philadelphia","42","017",63,,,,,,,,,,,,,,,,,,,,,,,,199900,199500,189900,189900,199900,194900,193900,197900,195000,194905.5,199950,194911,199000,199700,197450,215000,204000,197900,190000,199900,199900,195500,199950,209950,189000,189000,191950,215000,214900,209000,199999,212500,214900,199900,213950,212500,209950,199900,219000,234450,210000,204900,202349.5,209900,204900,227900,215000,215000,219900,215000,220900,202450,217000,210000,206000,218000,209450,209900,207500,224900,225900
"Lee","FL","Fort Myers","12","071",64,,,,,,,,,,,,,,,,,,,,,,,,,,,,,,,,,,,,,,,,,,,,,,,,,,,196450,194900,175000,187000,180000,185495,184244,185000,179350,176500,178800,165000,174900,169000,168450,175000,172695,184900,180000,169900,180000,180000,180000,189000,190000,189000,190000,190000,199950,199900,2e+05,219900,219900,225000
"Tulsa","OK","Tulsa","40","143",65,,,,,,,,,,,,,,,,,,,,,,,,,,,,,,,,,,,,,,,,,,,,,,,,,,,,,,,,,,,,,,,,129000,129000,130000,129000,130000,142450,145350,130000,129500,120000,120000,129000,129750,129250,125000,126700,122500,110000,119950,102000,92000
"Bristol","MA","Providence","25","005",66,209450,214500,209900,209900,209900,209900,209900,209900,2e+05,199900,199900,199000,199650,199000,189900,188750,195000,189900,189900,189000,189900,188250,185000,179900,179900,179000,179900,179900,179900,185000,189000,185000,179900,179900,179500,169900,169900,170000,175000,179000,184900,189900,189000,197500,199000,199450,199900,205000,199900,217900,209950,209950,219900,224900,224900,219900,219900,219900,229000,219000,217500,209900,214900,209900,226950,219900,219900,219900,222900,224900,229000,224900,219900,219000,219000,224900,229000,229900,229900,229900,229000,229900,226750,224900
"Johnson","KS","Kansas City","20","091",67,159500,150450,149500,150000,155000,159900,159950,149900,155000,159900,160000,154900,152450,155000,158200,157450,159000,157000,154750,150000,144999,134950,147625,149000,149900,154250,149925,142000,140000,139900,135000,140000,133947.5,129974.5,129950,129925,129950,129700,129000,129975,135000,129475,129475,130900,135000,135000,135000,139700,135000,137500,149975,159950,153000,154500,159950,149995,149925,159000,159975,149900,149925,159900,162000,161000,159000,159900,162500,150000,153500,154900,159900,159900,169500,163250,165000,179500,174700,169000,165000,170000,170000,174500,179700,170000
"Summit","OH","Akron","39","153",68,,,,,,,,,,,,,,,,,,,,,,,,,,,,,,,,,,,,,,,,,,,,,,,,,,,,82000,80000,79950,83500,79000,78250,75000,74250,72500,69900,69900,69900,72000,72000,74000,76900,78400,79000,83500,79900,79450,73000,72000,69900,70950,75000,74950,77500,79200,83900,75000,74700,74900
"Union","NJ","New York","34","039",69,250000,250000,249950,249950,249900,243450,239450,239900,240000,240000,225000,229000,225900,229250,229500,199900,219950,225900,225900,229999,220000,219900,2e+05,221000,219250,229900,229900,229900,2e+05,214950,219900,2e+05,224950,225000,224950,204950,199900,199000,199900,199950,2e+05,210000,225000,235000,244000,227000,249000,246950,234500,249000,249000,259000,259000,249900,262450,265000,269450,275000,259900,266250,267500,265000,249900,239000,249900,252495,269000,252000,262000,249500,249500,249900,249000,255000,289000,289000,294400,289000,298900,299900,299900,289900,299000,298900
"Lancaster","PA","Lancaster","42","071",70,,,,,,,,,,,,,,,,,,,,,,,,,,,,,,,,,,,164900,164900,174400,179000,169900,171000,172495,174950,170000,165000,168000,168950,169900,169900,171747,174495,169900,159999,159900,150000,150000,159900,169900,172975,172200,184900,175000,175000,177500,175000,169900,169900,172900,174900,189900,189900,187450,184900,182400,196950,190000,199900,192450,192450,189900,179900,175000,173700,174950,168450
"Stanislaus","CA","Modesto","06","099",71,,,,,,,,,,,,,,,,,,,,,,,,,,,,,,,,,,,,,,,,,,,,,,199900,209900,220000,229450,229450,225000,220500,237500,229999.5,230000,230000,249000,231000,237000,239000,264000,282500,235000,237475,249000,259000,265000,249475,258450,249925,255000,255000,279900,264900,275000,259000,254500,255000,250000,256250,285000,292450,285000,310000
"Ramsey","MN","Minneapolis-St Paul","27","123",72,,,,,,,,,,,,,,,,,,,,,,,,,,,,,,,,,,,,,,,,,,,,,,,,,,,,,,,,,,,,,,,,189945,199900,196500,189900,185950,183950,172500,169900,179450,180000,185100,179450,180000,180000,176000,168450,175000,169900,189900,179900,189000
"Passaic","NJ","New York","34","031",73,259900,276500,275000,269000,249900,259000,279000,279000,289900,299000,299450,299950,279900,299900,299000,299000,3e+05,315000,299000,299000,290000,292500,290000,290000,289000,299000,299900,286950,280000,269900,265000,269900,254950,250000,269900,277400,269000,279900,260000,249900,274950,269450,265000,267450,252450,235000,265000,275000,269000,299999.5,299000,310000,307500,320000,339000,299000,272449.5,239000,236000,229450,229000,229900,239450,249000,249000,259900,259450,259450,249900,239000,256950,251450,237400,242900,247500,254900,245000,240450,229000,239900,245000,237200,219500,199900
"Plymouth","MA","Boston","25","023",74,249950,250000,279000,299900,289453.5,265000,274900,279450,285900,274900,299000,299000,279000,254500,249900,239900,249900,269000,260000,259450,254800,249900,250000,248750,247750,254900,259450,259900,259900,274700,274950,269999,259500,259900,269900,269000,266150,262400,259900,279900,294450,309900,310500,299900,324500,339900,309900,304950,295000,319000,319000,316997,325000,319450,319000,319900,319000,321950,319900,316200,299999,324900,329000,329900,334800,339450,340000,349888,349000,349000,349900,349888,339900,339900,346500,342000,345000,349900,355900,349999.5,349900,359900,359900,359950
"Volusia","FL","Daytona Beach","12","127",75,,,,,,,,,,,,,,,,,,,,,,,,,,,,,,,,,,,,,,,,,,,,,,,,,,,,,,,,,,,,,,,,,,,,,,,199000,199000,199000,198388.5,194000,185000,199000,199000,199000,207400,190000,182450,185000,185000
"Dane","WI","Madison","55","025",76,,,,,,,,,,,,,,,,,,,,,,,,,,,,,,,,,,,,,,,,,,,,,,,,,,,,,,,,,,,,,,,,,,,,,,,,,329900,339900,304900,289900,299950,297450,292250,269900,274000,274900,274900,289700
"Sonoma","CA","Santa Rosa","06","097",77,,,,,,,,,,,,,,,,,,,,,,,,,,,,,,,,,,,,,,,,,,,,,,,,,,572000,540000,549000,575000,610000,610000,599000,550000,592000,584950,586975,642000,599950,635750,679000,685000,649750,650000,650000,690000,675000,659500,675000,625000,625000,612000,629000,654500,699000,669950,699000,699000,697000,724750,729500
"Spokane","WA","Spokane","53","063",78,,,,,,,,,,,,,,,,,,,,,,,,,,,,,,,,,,,159000,155000,154950,164850,179000,182495,176500,176500,181900,175000,178000,174450,170000,162500,155000,154900,159899.5,159899,175000,167500,175000,170000,169000,165000,165000,165000,169900,175000,172475,174800,169500,176450,184900,179000,179000,169900,172400,191500,189500,184900,180000,180000,182500,180000,180000,184000,185000,185000,187000,180000
"Richmond","NY","New York","36","085",79,549000,540000,549000,549900,549900,549900,549000,549000,549000,539000,539000,535000,525000,534900,534900,529000,531500,525000,529000,529949.5,534900,534999,534949.5,524900,515000,499999.5,5e+05,510000,519000,519961,519900,519900,529900,519900,529900,525000,529000,529000,532449.5,539900,549000,541950,539000,539000,539900,549000,524900,519000,529000,545000,545000,539999,549000,549000,559000,559900,565000,569000,569000,549900,559000,559000,569000,575000,579000,599000,599000,602495,599900,619000,629000,629950,599000,599000,625450,649000,649000,649000,649999,649000,649900,649900,655000,650000
"Onondaga","NY","Syracuse","36","067",80,,,,,,,,,,,,,,,,,,,,,,,,69900,67950,69900,69900,69900,68700,69900,69900,66700,69900,68450,67900,64850,64800,59900,59900,59900,59900,60000,59900,59900,64900,69900,73900,69900,69900,70000,74900,79900,79900,79900,79900,79000,79450,74900,74900,74900,73500,73450,74900,74900,71000,74900,74950,74400,70000,73450,69900,69000,64900,59950,64900,64900,65000,64900,63400,64900,69450,69900,62900,64900
"Hampden","MA","Springfield","25","013",81,150000,149900,158400,148900,149900,149900,149900,145000,149900,149900,149900,140000,135000,140000,138900,129999.5,135000,142500,139000,139000,135900,132900,135450,129999,134900,131750,134700,130000,129900,133500,132500,132500,128000,125000,125000,129000,125000,134900,134900,144900,144950,149900,144950,149000,149949.5,152450,149000,149900,149900,144950,144900,149900,156000,157000,155000,155500,155000,149900,149900,148638.5,144400,140000,142950,149000,149900,149900,149900,150000,149900,149900,149900,145800,139900,139900,145000,149900,154900,154900,149900,149900,154900,159900,159900,156250
"Lucas","OH","Toledo","39","095",82,,,,,,,,,,,,,,,,,,,,,,,,,,,,,,,,,,,,,,,,,,,,,,,,,,,,,,,,,,,,,,,,,,,,,,,,69000,58423.5,59900,59900,66250,65000,69900,70900,65000,64000,64450,59900,59900
"Jefferson","LA","New Orleans","22","051",83,,,,,,,,,,,,,,,,,,,,,,,,,,,,,,,,,,,,,,,,,,,,,,,,,,,,,,,,,,,,175950,172950,173000,179800,179450,189450,189450,185000,169900,169000,169450,179900,189950,204950,215000,215000,222400,215000,212450,237000,212450,233500,219000,207450,213950
"Polk","IA","Des Moines","19","153",84,,,,,,,,,,,,,,,,,,,,,,,,,,,,,,,,,,,,,,,,,,,,,,,,,,,,,,,,,,,,,,,,,,135000,135000,135000,139900,140000,139000,135000,139950,139900,142000,139000,139000,139200,139250,144950,144950,144900,144000,165000
"Clark","WA","Portland","53","011",85,,,,,,,,,,,,,,,,,,,,,,,,,,,,,,,,,,,,,,,,,,,,,,,,,,,,,,293725,294950,269000,275000,294950,299900,297425,297425,299950,299950,299950,289450,289900,279950,279950,282500,280000,269950,280000,299950,324900,299900,290000,294950,307000,314000,310500,302425,312500,299950,299450
"Washoe","NV","Reno","32","031",86,,,,,,,,,,,,,,,,,,,,,,,,,,,,,,,,,,,,,,,,,,,,,,,,,,,,,,269000,255000,249950,250000,250000,265000,259000,260000,270000,275000,292500,284450,299500,298500,3e+05,3e+05,319900,319900,325000,332500,337000,339000,299900,319000,329000,317450,348000,348000,360000,379900,382450
"Berks","PA","Reading","42","011",87,,,,,,,,,,,,,,,,,,,,,,,,149900,145000,149900,154900,139900,136000,159900,159900,144900,131000,135000,128450,132950,124900,143900,149900,144900,139900,149900,149900,139995,140497.5,139947.5,139900,139900,145000,135000,123000,118400,124000,129900,135000,142500,141000,144900,139950,139900,139900,139950,142250,155450,159700,150000,159900,152450,150000,150000,144700,139900,139900,140000,139900,149500,149500,147400,149900,134900,137500,134500,137500,144900
"Hillsborough","NH","Manchester","33","011",88,214900,209900,205950,209900,214900,209900,210000,214900,214900,205950,209450,219450,209900,197450,190000,189950,196450,194900,194400,199900,189000,167950,190900,189900,180000,185000,189850,192200,180000,197000,199500,197500,196400,195800,194000,195000,209000,209000,210000,225000,216900,219000,219900,229900,233700,229900,237250,242450,235000,230000,229900,230000,232450,229900,229900,229900,229900,225000,225000,222450,225000,220000,219900,224900,229900,229900,228450,228450,222000,225000,219900,219900,225000,219450,224950,228800,228700,225000,229900,239900,239900,240000,239900,239900
"Stark","OH","Canton","39","151",89,,,,,,,,,,,,,,,,,,,,,,,,,,,,,,,,74900,69900,79900,80950,79900,69900,72450,79900,79900,89900,89900,95000,95000,89900,89950,94900,89700,84900,89000,84900,80950,89900,90000,89900,89950,93950,94900,94950,98500,92500,95000,96000,99700,94900,89900,84900,79900,85000,90000,89950,92500,96000,99000,99000,95000,93900,99000,99700,99500,91900,89900,86900,79450
"Orange","NY","New York","36","071",90,210000,210000,210000,209000,205000,200500,2e+05,2e+05,199950,2e+05,199900,199900,194900,183250,184900,189000,189500,195000,189900,185000,180000,179000,189000,181949.5,179900,178500,175000,179425,175000,169950,170000,169000,169000,160000,179000,178450,175000,170000,169000,175000,179900,178500,179900,179000,179000,179000,167500,179000,179900,179950,180000,180000,191950,189000,199000,189000,190000,184950,184900,184900,189000,195000,189000,178950,174950,169900,159950,161600,159900,158900,152500,155200,154000,159999,155000,159999.5,169700,165000,179000,188000,197000,195000,195000,180000
"Westmoreland","PA","Pittsburgh","42","129",91,,,,,,,,,,,,,,,,,,,,,,,,,,,,,,,,,,,,,,,,,,,,,,,,,,,,,,,,,,,,89900,98650,99800,110000,99450,99950,95000,95000,94050,84900,84900,84900,84900,84900,84900,89000,89900,88000,89900,1e+05,103000,104500,109000,103000,109900
"Placer","CA","Sacramento","06","061",92,,,,,,,,,,,,,,,,,,,,,,,,,,,,,,,,,,,,,,,,,,,,,,,,,,,,,,,,,,,,,,,,,535450,579000,577000,628999.5,677000,650000,574900,644500,697000,749000,662500,662500,650000,650000,677500,650000,649750,634900,646250,669950
"Hamilton","TN","Chattanooga","47","065",93,,,,,,,,,,,,,,,,,,,,,,,,,,,,,,,,,,,,,,,,,,,,,,,,,,,,,,,,,,,,,,,,,,,,,,,,97150,89900,89900,99150,95000,98200,98400,99700,99700,92500,95500,110000,120000
"Manatee","FL","North Port-Sarasota-Bradenton","12","081",94,,,,,,,,,,,,,,,,,,,,,,,,,,,,,,,,,,,,,,,,,,,,,,,,,,,,,,,254990,228445,224990,235000,224990,238860,240432.5,232445,229900,244710,224185,218990,221587.5,239990,237000,237000,257990,258490,247855,259120,262990,249900,249900,259800,279950,279000,279945,285995,279895,285000
"Collier","FL","Naples","12","021",95,,,,,,,,,,,,,,,,,,,,,,,,,,,,,,,,,,,,,,,,,,,,,,,,,,,,,,,,,354000,354900,365000,373750,364400,359000,348500,339900,324900,3e+05,329500,349000,359900,358500,364900,349000,339500,349000,332000,325900,314900,319000,292000,307000,316500,318500,3e+05,3e+05
"Luzerne","PA","Scranton","42","079",96,99750,99900,94500,85500,99900,98500,98500,93500,97250,95000,89900,89900,84850,84850,83000,82750,80000,86000,84000,80000,82000,80000,79800,79900,79000,74900,79950,85000,83500,83000,79900,79900,82000,79900,83750,84450,81000,88000,88000,89700,88700,80449.5,79949.5,80449.5,83000,81449.5,85000,88500,89000,87900,85000,85000,82900,87000,90000,95900,94900,89000,89000,89450,89500,89900,89900,89900,89500,89900,90000,89900,89900,89000,82500,80000,79900,79000,79000,79900,79900,79900,83750,84700,74900,76900,76750,75000
"Saint Louis City","MO","St. Louis","29","510",97,98250,99900,111250,109900,105000,109900,104950,99900,99900,103400,1e+05,98888,84900,88900,89900,89900,95000,89900,87000,80000,79900,76750,77000,74200,75000,69900,70000,73750,73750,75000,79900,77500,74900,79800,87500,85000,85000,84450,84000,89900,94800,89900,89900,89500,89900,99000,89900,85000,85000,85000,89000,86450,90450,85000,84900,84900,84900,85000,87500,87000,84900,94900,94900,99000,98250,95000,95000,94950,95000,90750,91750,89450,88500,85900,89450,91000,98500,90000,89450,87500,89450,89950,89900,94010
"Marion","OR","Salem","41","047",98,,,,,,,,,,,,,,,,,,,,,,,,,,,,,,,,,,,,,,,,,,,,,,,,,299000,319950,320000,299000,312450,292475,309000,265000,245000,234950,234000,227500,229900,229900,225000,253000,225000,225000,229950,234900,235900,244900,227000,239900,255499.5,239900,242999.5,249900,274900,315000,315000,3e+05,307450,267000,271000,275000
"Rockland","NY","New York","36","087",99,369999.5,359000,350000,369500,370000,372500,359900,369000,375000,369950,354500,364450,357000,348450,339000,339000,349900,349900,349949.5,355000,359000,350000,359000,349900,349000,350000,349950,350000,355000,359450,344900,359000,365000,352500,365000,359000,364950,375000,369950,382450,399000,369000,382000,382000,364500,350000,350000,365767,385000,375900,399450,399900,409000,407000,422500,425000,417000,424900,4e+05,399995,396000,399000,399000,399900,420000,429900,429900,427450,399900,399900,389500,399000,439000,425000,399000,399450,399950,407999.5,419000,424950,424900,445000,449950,449900
"Bell","TX","Killeen","48","027",100,,,,,,,,,,,,,,,,,,,,,,143800,144350,149950,142500,145000,145000,147000,149900,144000,144950,139900,123325,135200,142500,145000,149925,149925,145000,145000,149000,159900,159000,153000,159900,155000,141075,139900,149900,145000,141125,145000,155000,153000,149900,149900,149900,153000,145000,145000,155000,163000,162000,159900,165000,159400,150000,150000,144500,144500,141000,135000,135000,135000,144500,154900,152900,152900,147500,153745,157900,156500,156500,153000
"Albany","NY","Albany","36","001",101,125000,138750,139900,136900,139500,139900,135000,125000,129900,125000,126950,129000,132000,129450,130750,129900,130750,134900,135700,138500,135000,129900,139900,138500,132000,129900,129900,129900,129900,135000,134900,136450,135000,139000,134900,129777,129900,129900,136450,139250,142450,149999,145000,148487,149450,143450,139900,144450,139900,135000,132000,132577.5,139000,137000,139777,139900,139900,139949.5,144518,140000,139900,139900,139000,139250,149900,149800,146900,144900,139950,140000,140000,139900,135000,124900,129450,129900,129900,138500,144950,136500,139900,138000,137450,129900
"Northampton","PA","Allentown","42","095",102,,,,,,,,,,,,,,,,,,,,,,,,,,,,,,,,,,,,,,,,,,,,,,,,,,,,,,,,,,,,,,,,,,,169900,169900,182450,164900,170000,159900,159900,159000,164900,174000,162400,165000,172400,164900,159900,174900,169500,164900
"Dutchess","NY","New York","36","027",103,235450,232500,239900,239900,233950,239450,239900,247450,250000,250875,257500,249950,238250,235000,258250,259000,257000,256250,250000,264900,249900,249000,239450,234900,235000,230000,229900,229900,229000,249900,229000,227000,225000,232500,245950,246900,245000,245000,234900,229912.5,241212.5,249900,239925,237000,237000,248412.5,242500,239900,229900,225000,239900,249400,239000,234749.5,227000,239000,239450,239900,239000,227000,220000,199900,183250,180000,2e+05,220000,220000,225000,219000,215000,199700,199900,199000,199000,198750,189900,199900,205000,210000,199000,209000,212750,205000,215900
"Fayette","KY","Lexington","21","067",104,,,,,,,,,,,,,,,,,,,,,,,,,,,,,,,,,,,164900,164950,172450,175000,172450,169450,175000,175000,205000,197000,196750,189900,189900,183900,189900,164950,160000,160000,164500,162200,155950,166400,153500,164000,167000,169900,172900,166250,177450,174400,171400,178500,169900,174000,182500,182000,189900,2e+05,189900,189900,189000,175000,198700,194900,209900,199900,174900,179700,168000,166474.5
"Winnebago","IL","Rockford","17","201",105,,,,,,,,,,,,,,,,,,,,,,,,,,,,,,,,,,,,,,,,,,,,,,,,,,,,,,,,,,,,,,,69700,69900,74700,70950,73200,70387.5,69000,69900,69900,64900,65000,68000,65000,69564,71450,70500,70000,67250,67500,64900,72050,69900
"Rockingham","NH","Boston","33","015",106,307450,292450,298750,299900,299900,299900,334900,329900,339900,329900,325000,325000,329450,344450,324750,329900,349900,354950,354950,350000,364950,350000,329900,319000,329450,324950,327000,344500,349500,349900,339450,329900,324900,332200,329900,342050,375000,374950,354500,354500,334000,349900,349900,328000,343250,342700,315000,329000,329500,347950,327000,349900,368950,359900,375000,396500,399949.5,375000,389900,349450,374950,375000,379900,374900,385000,369900,374950,372450,369900,370000,369900,359900,369900,384450,391950,4e+05,409000,434450,407500,399900,399900,399900,399900,395735
"Anchorage","AK","Anchorage","02","020",107,,,,,,,,,,,,,,,,,,,,,,,,,,,,,,,,,,,369000,348000,350000,354900,354900,350000,350000,349900,357500,359900,372000,379000,349000,377000,377000,376000,369250,389000,379500,385000,389000,394500,404950,4e+05,381250,368500,381000,409000,419000,424950,424000,430000,389000,414500,379500,399900,404950,422500,432500,429900,440000,450000,452450,449900,449900,447450,447950,448450,447950,450000
"Galveston","TX","Houston","48","167",108,,,,,,,,,,,,,,,,,,,,,,,,,,,,,,,,,,,,,,,,,,,,,,,,,,,,,,,,,,,,,,,,,,,,,,,,207250,206750,179000,175000,189450,187450,209950,225000,225000,225000,219000,225000,219500
"Cumberland","ME","Portland","23","005",109,285000,295000,302450,299000,295000,297500,285000,288450,289900,298000,299900,299000,284900,275000,274950,275000,279000,282450,284000,279900,287000,279000,289500,279000,279000,279900,285000,289000,290000,284900,289950,279900,289000,274900,259950,249900,265000,275000,289900,289896.5,289000,289900,295000,297500,298750,294500,299000,299500,297500,289000,279900,299000,299000,310625,299900,3e+05,307000,299500,299000,295000,289000,295250,295500,299450,324700,324900,321950,315000,315000,319249,319900,324900,339450,332450,337000,359000,372500,375000,369900,359900,359450,360000,365000,375000
"Erie","PA","Erie","42","049",110,67450,69000,69250,69900,70900,70000,70000,70000,69000,68000,68900,69500,70000,74900,67925,68900,68950,69900,68900,69000,67700,69900,66000,64900,65000,69000,65900,65900,64450,65000,64900,65000,65000,69450,67000,65000,65450,68000,66000,69250,67000,70000,69700,69500,69500,67000,67000,72450,70950,70000,69000,69900,70000,70000,74900,78800,72500,74900,69825,69450,69900,69000,68850,69900,69900,75000,79900,71000,74900,67700,65000,65000,64900,67650,65000,65900,67700,69950,69900,65000,69900,67450,59900,64450
"New London","CT","New London","09","011",111,199200,219450,219900,219900,199900,189900,189950,185000,185000,185000,185000,185000,185000,179900,177000,175000,179900,183400,179900,179900,169900,161950,169700,165000,165000,164900,164900,164950,168000,165000,164499.5,164999.5,162900,163450,169900,165000,159900,159900,164900,168450,174900,169900,168000,169900,171500,173950,169950,168450,159900,159900,158700,159900,168900,179000,175000,169947.5,164900,164900,164900,160099,159900,159900,159900,159950,159900,164900,168250,164900,159000,155000,154900,149900,154900,149999,154900,159000,169900,169000,169450,169000,159900,164900,159450,149950
"Saint Clair","IL","St. Louis","17","163",112,120250,124450,125000,131450,133950,122400,131400,135950,139500,139700,129950,129900,119000,129900,119900,118200,117000,116000,120000,119950,119950,120000,115000,115000,112500,119900,120000,115000,113300,116000,124900,115000,117450,117400,119900,119950,124900,115000,112450,120000,126000,124900,125000,123150,118000,114950,115000,118000,121500,116900,109950,116400,110000,104000,111000,112900,1e+05,99950,1e+05,99900,99900,99900,99950,99500,98500,103150,99900,1e+05,1e+05,104900,102450,95000,99900,95900,103200,99900,103250,102500,112900,108900,105000,115400,111950,109450
"San Luis Obispo","CA","San Luis Obispo","06","079",113,,,,,,,,,,,,,,,,,,,,,,,,,,,,,,,,,,,,,,,,,,,,,,,,,,,,,,,,,,,,,,,,,,,,,,725000,729000,729000,725000,735000,782000,735000,725000,725000,762000,789000,819000,895000,895000,899000
"Madison","IL","St. Louis","17","119",114,,,,,,,,,,,,,,,,,,,,,,,,,,,,,,,,,,,,,,,,,,,,,,86500,85000,86500,86500,97450,105000,105000,110000,105000,104950,109000,1e+05,105000,105000,102500,98450,90000,94950,94950,89950,92500,90000,90000,90000,90000,85000,85000,85000,79000,81900,74000,78500,79950,79000,78000,75000,75750,76500,78000
"Dauphin","PA","Harrisburg","42","043",115,,,,,,,,,,,,,,,,,,,,,,,,,,,,,,,,,,,,,,,,,,,,,,,,,,,119900,125000,125000,120000,124625,115000,119250,120000,119900,109950,94900,109950,99811,102950,119900,109900,109900,109900,125000,119900,125000,120000,125500,126000,115000,115000,109950,105000,105000,105000,99000,99000,99450,99900
"Chatham","GA","Savannah","13","051",116,,,,,,,,,,,,,,,,,,,,,,,,,,,,,249000,250000,249000,239900,239900,224875,235000,235000,229500,225000,239900,239900,250000,250000,257500,279950,277500,272500,225000,225000,225000,242750,250000,277500,274950,286450,274950,272000,257500,249450,249950,249500,245000,265000,277000,254950,259900,262450,250000,269900,269900,249450,226450,234500,235000,254900,272400,299900,305000,329000,305000,320000,330950,319950,309950,320000
"Kitsap","WA","Bremerton","53","035",117,,,,,,,,,,,,,,,,,,,,,,,,,,,,,,,,,,,,,,,,,,,,,,,,,,,,215000,204950,227000,229000,229000,202499.5,234000,240000,239500,239950,239000,222500,222500,214500,220000,214500,220000,231250,237500,230000,230000,230000,225000,245000,245450,240000,237500,249950,240000,249950,255000,265000,278750
"Brown","WI","Green Bay","55","009",118,,,,,,,,,,,,,,,,,,,,,,,,,,,,,,,,,,,,,,134900,143850,149900,139900,138900,144700,139900,130000,132500,136450,136450,142400,139900,139900,160700,156500,147400,139900,139900,139900,139900,136400,138900,139700,149900,149900,149900,153450,159900,159900,168900,162450,159900,159900,159000,168500,169200,163900,169900,164900,164900,164900,164900,164900,156450,159900,159900
"Norfolk City","VA","Virginia Beach","51","710",119,,,,,,,,,,,,,,,,,,,,,,,,185000,183900,194000,185450,178500,179000,177000,174950,175000,170000,169900,160000,169450,170443.5,179900,179900,172350,176000,169900,169950,170000,170000,177000,195000,199900,190000,189000,195000,189000,189000,184950,189000,189000,184900,175000,169000,167900,169900,166700,175000,175000,174950,179900,179000,175000,175000,187500,175000,169900,169900,166000,169000,159000,159000,160000,168000,174950,175000,169900,179900,179900
"Buncombe","NC","Asheville","37","021",120,,,,,,,,,,,,,,,,,,,,,,,,375000,346000,314500,309000,295000,339900,358853,397500,375000,350000,360000,360000,399900,399925,389900,352250,389900,377450,388500,375000,375000,339000,325000,329000,325000,320000,329000,350000,375000,362500,359750,350000,350000,379191.5,390691.5,383383,390691.5,398000,398000,371000,398000,399000,395000,390000,375000,384000,379000,394500,399700,396750,394500,399750,399750,399500,377500,415500,420250,412750,399000,395000,399450
"Oneida","NY","Utica","36","065",121,59900,59900,59900,59900,61400,69900,69000,69000,68000,64900,68000,69450,69000,59900,63950,64900,64900,69900,69900,69900,71400,73900,75500,72700,72100,72500,69900,79900,79900,81700,79900,79900,79900,74950,74900,70000,70000,69900,70000,69950,74950,79900,78750,79900,79200,74900,74900,74900,79900,74900,69900,69900,69900,70400,65000,65000,66000,68500,69000,68600,69486,70950,69900,69900,69900,69900,73400,74900,79250,76950,72700,74900,74900,73950,73000,79900,75000,72250,74900,72290,74900,79450,78950,76900
"Montgomery","AL","Montgomery","01","101",122,,,,,,,,,,,,,,,,,,,,,,,,,,,,,,,,,,,,,,,,,,,,,,,,,,,,,,,,,,,,,,,,,,,84900,79900,79900,80000,79900,79900,87450,85000,79900,84900,92500,99900,89500,99900,104000,105000,104500,104500
"Clay","MO","Kansas City","29","047",123,,,,,,,,,,,,,,,,,,,,,,,,,,,,,,,,,,,,,,,1e+05,103500,115950,125000,110000,110000,110000,110000,117000,119000,125000,112000,119000,114500,119950,120000,119950,135000,127000,130000,126000,124950,112450,109900,121000,120000,120000,124000,142450,154900,136500,129900,129900,124900,122000,122000,135000,119000,135000,125000,127000,119750,124900,135000,125000,123587
"Saratoga","NY","Albany","36","091",124,199900,194500,219900,199950,216950,216950,219900,199950,2e+05,199900,199900,199900,197762.5,195000,199000,206000,202950,206000,219900,217450,199900,194000,209000,2e+05,195000,196400,2e+05,199500,219700,204950,199000,199450,199900,199900,194000,205000,205000,217000,215000,211382.5,219700,227498.5,230950,221850,219700,199900,186000,204000,204000,199950,204000,219450,224900,219900,219950,219900,224900,219900,213799.5,205000,215000,244900,219900,216450,223900,219900,219945,214950,204900,189950,190000,212450,218450,219900,250000,229800,215000,217450,198000,215000,190000,194500,199000,199000
"Niagara","NY","Buffalo","36","063",125,51900,51000,59900,59900,59900,59900,57900,57000,56450,59900,59900,59900,64900,64900,59900,59900,59900,57500,58900,57500,57500,55000,59900,57900,59900,59900,59900,59000,59900,59200,59700,60000,64900,64900,69900,59900,69900,77200,69900,74900,67200,65900,65000,59900,63000,59900,57400,59900,54900,59900,59000,59900,59900,59900,59900,59900,61400,63900,62900,55450,58500,61999,61999,59900,59900,62450,64900,65000,64900,62700,64900,60000,59900,55000,59250,59250,59900,59900,60000,59500,64950,59900,59500,59900
"Barnstable","MA","Cape Cod","25","001",126,599000,549000,499000,510000,549000,549000,499000,549000,549000,499900,495000,495000,525000,527000,525000,499000,489900,489000,479450,462900,459000,462900,489000,475250,462900,445000,475250,485000,499000,499900,499250,499000,482000,499500,499000,499900,514900,549000,549000,589900,572000,580000,524000,509450,519000,499900,499000,499900,537000,499900,499000,472000,499000,499000,499000,499000,479000,477000,499000,489000,498250,479000,454500,454500,449000,448450,425000,456750,447000,448500,432000,439000,439000,421995,444450,475000,475000,520000,487900,499900,537000,525000,595000,595000
"Lackawanna","PA","Scranton","42","069",127,129000,129000,125000,125000,125000,125000,124900,115000,115000,112450,115000,114900,108000,109450,109900,109900,114950,115000,119000,119000,115000,114000,114900,113000,113000,111000,114997,112450,109000,109900,104900,109000,109000,105900,101999,99900,99900,99500,99000,99900,99925,113700,112500,109950,114900,109000,116000,115000,111000,113450,109950,105000,109000,107000,104950,103450,102900,104000,99999,99900,99000,99000,95000,94900,99000,99000,99000,94500,95000,92500,89900,89000,88000,85000,85000,89000,89900,89900,89900,89900,90000,94900,95000,91000
"Trumbull","OH","Youngstown","39","155",128,,,,,,,,,,,,,,,,,,,,,,,,,,,,,,,,,,,,,,,,,,,,85000,85900,82500,89900,86450,84900,84950,89900,84900,83700,84900,74900,74900,69900,74900,84900,79900,89900,82400,86400,76400,78450,79000,74500,74500,79950,75000,80000,86450,87900,90000,80000,79900,81750,89950,84900,80400,79900,78400,68000,69000
"New Hanover","NC","Wilmington","37","129",129,,,,,,,,,,,,,,,,,,,,,,,,,,,,,,,,,,,,,,,,,,,,,,,,,,,,,,,,,,,,,,,,,,,,,,250000,265000,244000,235000,235000,229900,232500,230000,238900,230000,236900,249000,239900,239900,221949
"Broome","NY","Binghamton","36","007",130,82500,84900,84900,84900,79900,79900,79900,79900,79900,79900,79900,80000,82900,84900,82000,79900,80000,83900,80000,81000,80000,84500,80000,80000,79900,79900,79900,79900,79900,79900,79900,79900,79900,79500,79900,79900,82000,79900,79900,80000,80000,80000,80000,80000,79950,79950,79900,79900,79900,79900,74200,74900,77450,79000,79900,79900,79949.5,79900,81625,79900,79900,79900,79900,78900,79900,79900,79900,78900,78000,78000,79900,79900,74700,74250,79900,80000,84900,79900,79900,79500,79900,75450,79000,76450
"Mohave","AZ","Lake Havasu City","04","015",131,197450,195000,219900,219450,219000,219900,219900,219000,199999,195000,195000,163950,176950,162500,155000,179000,199999,219450,199999,199999,219900,219900,2e+05,199999,215000,199900,179000,199000,199900,199000,199450,219900,199000,199450,212200,219900,202450,202450,219900,219900,219900,219900,219900,219900,219900,209900,195000,205000,199900,199900,174950,162450,189900,195950,199700,175000,199900,204900,204900,204900,204900,206000,214000,208500,209200,207450,209900,208000,214000,209450,219800,223450,219450,219900,219900,205000,205000,209500,214000,202450,227450,235000,239900,235000
"York","ME","Portland","23","031",132,215000,210000,212400,199450,199000,199000,199000,198500,198500,194500,199000,198000,189900,189900,199000,192400,206950,209969,215000,209450,209900,207450,209400,199900,199900,199000,199000,199900,209900,202000,208900,2e+05,199900,199700,199250,196900,189400,184900,187900,189650,191000,199450,210000,199900,199900,199900,199000,193000,189000,186250,194000,199900,207900,210000,215000,204900,199950,197000,2e+05,197450,194950,199950,211900,219900,219900,215000,225000,224900,223900,224000,219900,224900,219900,205000,213900,210000,225000,224900,224950,220000,219000,215000,219950,219900
"Litchfield","CT","Torrington","09","005",133,199900,204900,199900,224900,224900,214450,214000,199900,202000,211500,219900,200950,189900,199900,205500,212400,209450,212450,199900,192400,199450,199900,199900,197000,199900,219900,246750,249900,245000,225000,217500,223975,219900,199000,195000,189500,182400,182450,197000,229000,239900,239900,239950,244950,249900,249900,237500,234900,204950,239900,234900,229000,239950,229900,239900,239900,259900,259900,274950,267000,232000,224900,259900,259900,269000,269000,250000,256500,255000,250000,249950,249450,249900,249000,229950,223500,209900,224900,249000,229500,244900,244900,227000,227000
"Harrison","MS","Gulfport","28","047",134,,,,,,,,,,,,,,,,,,,,,,,,,,,,,,,,,,,,,,,,,,,,,,,,,,,,,,,,,,,,,,,,,,,,129500,121000,130000,133000,133000,130000,129000,129000,125000,125000,129000,129700,136000,134000,145000,149997.5,149992.5
"Peoria","IL","Peoria","17","143",135,,,,,,,,,,,,,,,,,,,,,,,,,,,,,,,,,,,,,,,,,,,,,,,,,,,,,,,,,,,,,,,,,,,,,55000,61750,63000,60750,50000,50000,48750,55000,55000,55000,60000,63000,60000,63000,62500,61000
"Hawaii","HI","Hilo","15","001",136,,,,,,,,,,,,,,,,,,,,,,,,,,,,,,,,,,,,,,,,,,,,,,,,,,,,,,,,,,,,,,,,,,,,,,,461950,425000,499000,527500,499000,534500,512500,534500,539000,527000,539000,524900,499900,490000
"Ulster","NY","Kingston","36","111",137,225000,225000,225000,225000,249000,249000,239450,235000,234000,235000,225000,2e+05,199000,196500,195000,199000,202500,210000,199900,199950,199900,224950,229900,224950,215450,215000,219000,219000,223000,219000,209450,219950,219000,219000,219000,219000,224900,224900,224950,229000,227000,222450,219000,224950,210000,207000,206000,199900,199900,199900,199900,199900,209450,199900,199900,199900,199000,199000,199000,189000,179950,180000,184000,189000,199250,209000,217000,2e+05,209900,209000,209000,209000,210000,2e+05,219000,219450,228000,229000,245000,229900,225000,224500,224900,229000
"Shawnee","KS","Topeka","20","177",138,,,,,,,,,,,,,,,,,,,,,,,,,,,,,,,,,,,,,,,,,,,,,,,,,,,,,,,,,,,,,,,,102400,105900,103500,103500,105500,99900,97900,89500,74900,82000,93950,91500,95000,98900,94950,93950,98450,95000,105000,109450,94900
"Kenosha","WI","Chicago","55","059",139,,,,,,,,,,,,,,,,,,,,,,,,,,,,,,,,,,,,,,,,,,,,,,,,,,,,,,,,,,,,,,,,129900,137400,129900,129900,119000,109900,105000,109900,109900,105450,109900,114900,110000,112450,119500,114900,125000,125000,124900,119900,129000
"Middlesex","CT","Hartford","09","007",140,,,,,,,,,,,,,,,,,,,,,,,,269900,259900,259900,245000,245000,246250,245000,229900,226500,229000,219900,219900,226500,219900,217000,224450,219950,222500,229900,242450,242500,240000,244500,242000,242000,230000,240000,232450,249900,249900,243499.5,243499.5,239950,249900,249900,239900,231000,234500,249900,239900,222000,219900,224900,206000,202449.5,199949.5,205000,205400,199900,199450,199000,199900,199900,209000,204450,199900,199838.5,214000,219900,219450,219900
"Kenton","KY","Cincinnati","21","117",141,,,,,,,,,,,,,,,,,,,,,,,,,,,,,,,,,,,,,,,,,,,,,,,,,88000,95000,95000,1e+05,101950,99949.5,95450,105000,105000,102450,105000,105000,108200,127500,130000,129900,119900,118900,118900,110000,99900,99950,102400,99900,99900,96750,99450,99000,90950,89900,93900,96500,89900,97000,98450,95950
"Rensselaer","NY","Albany","36","083",142,109900,114950,115000,115000,111000,109900,110000,109800,109869,110000,109999,109900,109375,102000,102900,102500,109900,110000,108500,110000,114045,107000,107000,105450,101800,109900,109000,110000,119900,114900,114500,114900,114900,109750,109900,1e+05,104500,109000,109000,109949.5,119900,119000,111000,112500,109900,113700,114900,109900,109900,111250,119250,119625,124900,120000,124900,119900,119666.5,117900,117900,119500,117900,115000,115000,114900,110000,114900,112000,109900,104900,104900,99000,99000,99700,89950,89900,97000,105000,109900,109900,109900,109900,109900,111450,106450
"Hampshire","MA","Springfield","25","015",143,,,,,,,,,,,,,,,,,235000,253700,249900,239250,249000,244450,229900,225400,209900,195000,199000,212450,225000,229000,217450,237250,222000,234900,232400,229450,212400,214900,228000,240000,257400,264450,274950,259900,259900,239950,249900,247000,229500,239900,241950,249900,275000,264500,279000,279900,289900,289900,295900,264900,279777,256450,269777,265000,281450,278900,272338.5,250000,259900,259900,275000,258450,239450,241450,268000,279900,274888,279900,272400,262500,223900,254900,237950,214500
"Wyandotte","KS","Kansas City","20","209",144,,,,,,,,,,,,,,,,,,,,,,,,,,,,,,,,,,,,,,,,,,,,,,,,,,,,,,,,,,,,,,,89900,97450,89900,99950,89975,90000,82500,85000,87250,85000,87475,95550,95125,107950,105225,110000,111000,102450,97275,99450,106975,110000
"Schenectady","NY","Albany","36","093",145,99000,98200,91000,90000,90000,89900,89900,89000,85900,84900,79900,79900,78900,79900,84200,85000,86450,84500,82000,83900,79900,74900,80750,79900,79900,79900,79000,79900,78300,79000,79000,79900,84900,85000,82000,84450,84900,80900,84900,82500,79900,79900,79900,79900,79900,79900,79900,79900,82500,84800,79900,84700,89000,85950,87900,89000,82990,79900,75500,71150,75000,74900,74200,74900,77000,77500,71400,78000,75000,75000,75000,74900,78950,65000,65000,65000,69000,75000,84000,84950,83950,79000,77243,73250
"Penobscot","ME","Bangor","23","019",146,145950,145950,149900,140000,145000,149900,149700,148950,142500,142000,149900,149500,149900,154900,154900,151950,154900,158000,159250,154900,152450,159500,158250,149949.5,149900,149900,145450,145000,139950,144900,140000,139000,139250,136250,139900,129900,129900,129900,129700,129700,135000,135000,139000,134900,129900,129900,128750,119900,120000,122000,124000,129700,135000,135000,139638.5,135000,129900,129900,129700,129000,124000,123200,122500,129900,139000,139111,137500,129900,129900,129000,125000,125000,129000,124900,125000,130000,134500,135000,139947.5,140000,139900,138950,136950,135000
"Tolland","CT","Hartford","09","013",147,219900,214900,219900,232000,230950,235000,227500,222500,239900,222500,222500,223700,219900,199000,199500,199250,199900,199450,199250,199000,197000,199250,199500,205000,199700,197000,199000,207000,234590,222400,190000,197450,179950,184900,185000,199900,199900,213900,204900,219900,204900,194450,179900,179900,188500,189900,184900,177400,169900,172400,170000,179900,209900,207500,199000,189900,179900,179900,175000,174900,174900,179900,182400,175000,174900,184900,179900,174950,174950,179900,189900,179900,179900,179900,169000,174900,174900,179900,172400,156200,167500,169900,164950,169900
"Franklin","PA","Chambersburg","42","055",148,,,,,,,,,,,,,,,,,,,,,,,,,,,,,,,,,,145000,144900,145000,164500,144900,144450,149900,159900,154900,169900,169900,154450,143450,142900,145000,145000,147450,149900,149900,159000,157450,159450,159000,157900,139900,159000,157400,164500,175900,159900,159900,161750,180000,159900,149900,139950,142250,144500,144700,139900,139900,139900,139900,139900,139900,139950,144500,139900,149900,139950,149900
"Schuylkill","PA","Pottsville","42","107",149,59900,64950,65000,63700,62500,59000,59450,59000,64950,59900,65000,69000,69000,65000,69900,69900,69900,69900,67900,67900,69900,65900,65450,65000,65900,65900,65900,69000,70700,71500,65000,68950,65000,65000,65000,62500,62950,69400,68950,68900,68900,68450,65450,67400,65000,69900,64400,72000,69900,69900,69900,69900,69450,65250,65000,65000,65000,64950,69900,69450,69000,69900,69900,69450,66250,66250,65000,69900,64000,59900,60000,59250,59900,60950,59400,52950,52000,49900,55250,49000,52900,49900,49500,49900
"Washington","MD","Hagerstown","24","043",150,,,,,,,,,,,,,,,,,,,,,,,,,,,,,,,,,,,,,,,,,,,,,,,,,,,,,,,,,,,,,,,,,,,,,,,189900,185950,194900,210000,199900,199000,208000,205000,213750,222500,226000,240000,250000,250000
"Merrimack","NH","Concord","33","013",151,,,,,,,,,,,,,,,,,,,,,,,,,,,,,,,,,,,,184900,213000,217450,197250,217450,227499.5,217500,217500,219450,214900,216500,221300,214900,221300,214944,219494,224000,204900,229000,224700,209450,199995,199995,196950,204900,189900,194900,194900,224900,225000,229450,229000,226400,225000,229000,229000,225000,219900,207900,211250,218000,229000,224900,227900,225000,225000,236900,224900,224900
"Citrus","FL","Homosassa Springs","12","017",152,,,,,,,,,,,,,,,,,,,,,,,,,,,,,,,,,,,,,,,,,,,,,,,,,,,,,,,,,,,,,,,,,,,,,,,,154000,139900,154000,142500,140000,139900,149500,160000,149500,149500,175000,155000,167500
"Fayette","PA","Pittsburgh","42","051",153,,,,,,,,,,,,,,,,,,,,,,,,,,,,,,,,,,,,,,79900,79900,79910.5,79900,69900,79900,82400,74900,73885,75000,72900,77000,75000,83000,84500,79950,87450,79450,79500,77250,79950,79000,77000,73400,79900,79900,73400,73900,75000,81950,74450,75000,75000,79450,79000,73900,73900,71900,72450,69900,74254,71704,75000,75000,77450,75000,75000
"Tazewell","IL","Peoria","17","179",154,,,,,,,,,,,,,,,,,,,,,,,,,,,,,,,,,,,,,,,,,,,,,,44900,44900,52500,52500,52500,54500,54500,53250,52500,52500,54000,54000,52500,52500,52500,53250,54000,54250,54250,49900,49000,51500,52500,52500,52500,52500,52500,52500,52500,52500,51700,51500,54500,54500,57250,57750,59200,59500,59500
"Chautauqua","NY","Jamestown","36","013",155,,,,,,,,,,,,,,,,,,,,,,,,,,,,,,,,,,,,,,,,,,,,,,,,,,,,,,,,,,,,,,,54900,54900,57000,54950,54800,58250,56750,54700,49900,53400,53400,49800,49900,49900,47500,47000,49950,57500,61150,59500,54900,59900
"Berkshire","MA","Pittsfield","25","003",156,182450,189000,190000,169000,169000,168000,169000,154900,159900,173950,174900,174900,155000,149900,149900,149900,149000,149900,149900,159000,155000,155000,155000,155000,149950,149450,148000,149900,159000,159250,156700,149900,145000,142000,143750,139900,139900,139000,139450,139450,148900,146000,152450,139900,139900,139900,139000,129450,129900,139900,139900,132500,139000,139900,139900,139900,140000,142450,140000,139000,130000,134950,130000,134900,129900,134250,142500,149900,149900,149900,139900,139900,139900,139000,129900,143900,141449.5,139949.5,139949.5,139900,139900,139900,139200,129000
"Washington","RI","Providence","44","009",157,,,,,,,,,,,,,,,,,,,,,,,,,,,,,,,,,,,,,,,,,,,,349900,355995,347450,344900,350000,367947.5,346950,327997.5,289000,299000,299000,279000,279000,279900,279450,272450,269900,269900,250000,259900,250000,272000,265000,279500,269000,275000,285000,298450,298900,309900,315000,339900,310900,328500,310500,309000,334900,299450,291950,269900,269000
"Richland","OH","Mansfield","39","139",158,,,,,,,,,,,,,,,,,,,,,,,,,,,,,,,,,,,,,,,,,,,,,,,,,,,,,,,,,,,,,,,,,,89900,89700,82900,84450,83900,84900,74900,72250,67500,69950,79900,79900,89900,95000,89900,90000,92450,84500,84900
"Strafford","NH","Boston","33","017",159,159900,159000,152900,159450,150000,159900,165000,175000,182280.5,177000,169900,161000,161000,154950,174900,179900,189450,192450,189900,189900,195000,209900,213950,218500,199900,219450,216500,219450,224900,219000,219900,199900,185000,189900,189900,185000,199450,199900,199900,199900,219900,209900,215000,214900,204900,212400,214900,209900,199900,189950,199800,189000,199900,219900,219900,229000,239900,230950,229000,220000,204450,220000,237157.5,233657.5,233657.5,226999.5,224900,224900,222900,199950,189900,172450,199900,197250,199700,199900,199900,199925,209900,219900,225000,215000,211250,224900
"Kennebec","ME","Augusta","23","011",160,119900,119900,119900,119900,127900,129900,129900,129900,129900,137000,136000,127500,129900,132450,129730.5,134900,137950,135000,134950,134900,134900,129950,129900,129900,129900,129900,129900,135000,135000,139900,138700,134000,132900,129999,135000,129900,131900,134900,134900,129900,135000,139450,139500,139900,129999.5,130000,129900,130950,129900,125000,129350,139450,146250,147450,145000,149900,148700,149949.5,149900,144900,139500,141900,149900,149900,151500,159900,156000,149900,149900,149900,145000,143900,144750,140000,141450,145000,149900,149900,149900,148950,149900,149900,145000,144900
"Oswego","NY","Syracuse","36","075",161,,,,,,,,,,,,,,,,,,,,,,,,,,,,,,,,,,,,,79900,89900,89900,85000,97500,89900,89900,89900,89900,89900,87900,86450,84500,85000,84500,87900,86450,89900,89900,89900,89900,89900,89900,94450,89900,89500,94450,99500,95000,99250,95500,92200,85000,79500,84900,84900,85000,85000,84000,89900,84900,85000,87450,87450,83450,82900,78750,84900
"Windham","CT","Worcester","09","015",162,159900,155000,159900,159900,159450,164900,164900,165500,160000,164000,164900,160000,164900,164900,164950,162450,169000,169500,169900,168374.5,167000,157700,158700,149900,147450,139900,139500,140000,162400,159900,163900,161250,159900,155000,151000,157000,150000,145000,153450,152000,156000,156000,155000,150000,164900,152000,160000,152000,149500,150000,149950,150000,149950,157450,149900,144950,139900,139900,135950,129900,138443,144900,139900,140000,139900,140000,139900,145000,149900,149000,149450,144950,139000,139000,139000,147400,149900,149900,149900,149900,147000,144900,137000,130000
"Jefferson","NY","Watertown","36","045",163,,,,118250,118250,117500,119800,125000,120000,120000,120000,122450,120000,119900,128400,119000,124900,124900,125950,119900,110000,119500,109990,119800,119850,135000,135000,133450,129900,129450,121450,125000,124950,124900,125000,124950,115900,114950,115000,118950,129900,125000,124900,122450,119900,124900,124800,122400,127900,127900,126400,127500,126000,124900,135000,124900,124900,120000,124900,119900,119900,119900,120000,120000,120000,129000,129900,128900,129900,124900,124900,124900,119900,112000,117750,119500,119000,119950,122250,119000,112000,112000,119900,110000
"Lycoming","PA","Williamsport","42","081",164,,,,,,,,,,,,,,,,,,,,,,,,,,,,,,,,,,,,,,,,,,,,,,,,,,,,,,,,,,97500,94950,95900,94000,94950,99000,115000,119000,105000,102000,99000,99000,99450,101950,95000,102400,95000,104950,99700,94900,95000,99000,94750,95700,97950,97950,89900
"Saint Lawrence","NY","Ogdensburg","36","089",165,,,,,,,,,,,,,,,,,,,,,,,,,,,,,,,,,,,,,,,,,,,,,,,,,,,,,,,,,,,,,,,,69200,72449.5,71749.5,65000,63000,64000,63000,63000,65000,68500,72000,59900,64000,73700,65000,63700,64950,64900,70900,69500,69250
"Ontario","NY","Rochester","36","069",166,,,,,,,,,,,,,,,,,,,,,,,,,,,,,,,,,,,,,,,,,,,,,,,,,,,,,,,,,,,,,,109900,109900,109900,109450,109900,125000,128700,124900,127500,123200,124500,127500,119000,116450,114900,119900,129999,129999,134249.5,129000,134900,124900,129900
"Androscoggin","ME","Lewiston","23","001",167,147000,142500,142450,126600,134900,136900,139900,134900,134900,134900,129900,125950,125000,124900,124900,115000,124000,124450,125000,127900,125000,125000,122900,115000,115000,115000,124700,125000,120700,119450,122500,124950,128000,127200,126900,124950,119000,119000,119900,120000,124990,132200,124900,124800,120450,120900,124755,119900,119000,119900,125000,124900,125000,135000,129000,127650,125000,126150,127500,125000,125000,125000,125000,125000,128000,130000,129900,129000,125000,129000,129450,125000,125000,120000,124900,128250,125000,127500,129200,129900,129900,130000,125000,125000
"Brunswick","NC","Myrtle Beach","37","019",168,169900,169900,162900,162950,163000,163000,164000,169900,169900,169900,174950,169950,169950,179900,185650,179900,174900,193200,174900,165000,155990,149900,149900,149900,155990,154900,157450,149900,160000,153000,160000,165150,164400,159950,151900,156950,159000,161450,161450,159000,159900,159450,161000,159900,168500,163900,162900,165700,162900,165700,159900,165900,175950,187000,184900,195000,179950,199450,189900,177500,177500,174815,177645,189900,189900,179450,179900,176107.5,170890,169000,183745,184450,164450,181000,171950,167000,169000,169900,174500,175950,172900,173500,174990,173900
"Tompkins","NY","Ithaca","36","109",169,,,,,,,,,,,,,,,,,,,,,,,,,,,,,,,,,,,,,,,,,,,,,,,,,,,,,,,,,,,,,,245000,264900,249250,259000,256250,252500,255000,249900,249950,249900,259900,244950,269900,289950,294450,289900,289999,294999.5,289900,289949.5,282000,269900,282000
"Ashtabula","OH","Ashtabula","39","007",170,,,,,,,,,,,,,,,,,,,,,,,,,,,,,,64900,64900,64900,59900,64900,64900,64900,64900,64900,64900,73500,69900,69900,74450,74450,74900,74900,79000,79900,79900,79500,79900,78900,74900,74900,74500,72250,69950,72000,74000,74900,79700,77250,72000,74000,76750,79900,79900,69900,68750,68500,69900,68900,69900,69900,69900,69900,72000,70950,75950,69900,69900,69900,69900,69900
"Putnam","NY","New York","36","079",171,411500,419900,406500,406500,419000,417000,431500,432000,467450,449500,420000,420000,399900,376995,399000,399000,427500,389000,379000,394500,384995,374990,374995,356500,359500,354000,360000,359000,359000,350000,359000,349950,361995,342000,364990,364000,359499.5,349949.5,349949.5,349900,354000,377500,395000,357000,345000,349999,355000,362000,350000,350000,350000,355000,375000,389000,439000,412450,404900,402400,439500,450000,450000,453549.5,392000,369000,409000,399000,425000,439500,427500,409000,4e+05,409000,399500,425000,425000,425000,425000,442950,450000,439900,419000,450000,459000,450000
"Steuben","NY","Corning","36","101",172,,,,,,,,,,,,,,,,,,,,,,,,,,,,,,,,,,,,,,,,,,,,,,,,,,,,,,,,,,,,,,,,,,82700,79900,80000,84250,82500,80950,86950,84900,89000,86950,92200,89900,84900,94500,89900,87400,79900,87400,89900
"Eau Claire","WI","Eau Claire","55","035",173,,,,,,,,,,,,,,,,,,,,,,,,,,,,,,,,,,,,,,,,,,,,,,,,,,,,,,,,,,,98900,111900,114900,116200,119450,118250,117500,116950,119000,119000,124900,117400,129900,119900,135500,135500,112400,124000,124900,124900,119950,129950,129900,129900,128980,126930
"Floyd","GA","Rome","13","115",174,,,,,,,,,,,,,,,,,,,,,,,,,,,,,,,,,,,,,114900,118000,115000,114900,109950,114900,114900,118900,114900,114900,105400,107000,105900,110000,122900,123900,119900,112250,108000,112450,112450,109000,108500,104900,97400,114900,115000,119000,124900,112500,109450,104400,108400,108400,99900,99900,104900,99900,112400,109900,119900,119900,116700,109900,117400,109950,109900,109900
"Flathead","MT","Kalispell","30","029",175,,,,,,,,,,,,,,,,,,,,,,,,,,,,,,,,,,,,,,,,,,,,,,,,,,,,,,275000,277250,299450,302450,305000,299900,316500,299000,285000,279000,275000,279000,279900,283000,285000,285000,287000,291000,299700,299900,315000,299750,309000,315000,319000,320000,337000,320000,344950,342450,349000
"Buchanan","MO","St. Joseph","29","021",176,,,,,,,,,,,,,,,,,,,,,,,,,,,,,,,,,,,,,,,,,,,,,,,,,,,,98500,94500,88500,76500,88000,88500,95000,97750,95000,94500,80000,80000,74900,81000,89900,93900,86700,89900,80500,77450,77400,72900,73900,69900,71900,74900,72900,79900,72500,75900,69900,73900,82500
"Grafton","NH","Claremont","33","009",177,,,,,,,,,,,,,,214900,209950,214950,209900,209950,199900,197950,209950,190450,2e+05,199900,199900,195000,192500,184900,190000,189900,189900,196000,187500,181200,183400,179000,181200,182500,183400,189500,184750,192500,195000,190000,191000,192000,189000,192000,175000,182000,178500,175500,195000,197500,197500,185000,183500,189000,180000,177000,168500,182000,190000,179500,179500,165000,174900,165000,160000,159900,159000,159000,150000,162500,175000,199000,182000,198900,193900,188000,179500,166400,179000,174900
"Chemung","NY","Elmira","36","015",178,,,,,,,,,,,,,,,,,,,,,,,,,,,,,,,,,,,,,,,,,,,,,,,,,,,,,,,,,,,,,,56750,56700,58500,54900,54900,54900,59900,59949.5,59900,59900,59999.5,59999.5,62000,59900,59949.5,62000,59900,60950,62000,59900,64900,59900,59900
"Madison","KY","Richmond","21","151",179,184500,184900,184700,187000,184500,183200,186500,179500,174900,177200,179500,174000,169000,169900,174000,169900,174000,174000,179500,186900,188900,180000,185400,185900,190000,174900,165000,162250,169900,179500,165250,164750,175000,177250,174700,179250,181014,174500,168000,168000,166500,174500,168000,161365,163865,160000,163000,159000,174900,174900,174900,169950,169500,169900,169900,165000,160000,150000,155000,157000,140000,140000,155000,154990,155000,147500,165000,179500,172250,155000,149900,149450,159900,149900,149900,143500,148000,168500,149900,149900,159900,169450,169450,156450
"Newport","RI","Providence","44","005",180,409000,409000,449000,438000,449000,449000,449000,439000,429500,395000,397000,397000,375000,375000,363900,375000,399000,419000,419000,425000,387000,370000,349900,359000,349900,357000,353450,357000,374900,415000,449000,429000,437000,429000,434450,434500,439500,497000,489500,459000,493000,525000,525000,499000,488500,498500,499450,524000,487450,425000,399000,429000,449000,475000,449450,439900,446950,439000,429000,425000,439900,447000,439900,430000,435000,449000,427000,425000,437000,429000,439000,439000,449000,449000,460000,449000,471500,482000,474000,449000,499000,499000,499000,499000
"Clinton","NY","Plattsburgh","36","019",181,,,,,,,,,,,,,,,,,,139950,139950,139950,130000,139000,140000,139900,138250,137500,138699.5,160950,160950,153450,153450,162500,179500,185000,168250,185000,162500,155950,162500,154900,153450,149450,149900,174000,165000,142450,145000,158500,144500,149000,149900,144500,142500,143500,139450,144500,149200,147200,144500,142500,139500,137250,139500,141250,142500,144500,142250,144700,139900,143250,147500,139450,137500,129900,129900,141000,143000,148950,148900,165000,150000,137400,139900,134900
"Cattaraugus","NY","Olean","36","009",182,,,,,,,,,,,,,,,,,,,,,,,,,,,,,,,,,,,,,,,,,,,,,,,,,,,,,,,,70900,75000,75000,76900,69900,70000,67200,70000,59900,62500,64950,69999.5,69949.5,73000,74950,76900,79450,79900,72900,77900,68500,65000,64000,63500,66500,66900,65000,65000,65000
"Cayuga","NY","Auburn","36","011",183,,,,,,,,,,,,,,,,,,,,,,,,,,,,,,,,,,,,,,,,,,,,,,,,,,,,,,,,,,,,,,,84900,74900,74900,79949.5,89900,84900,83450,80950,88100,89900,89900,88100,79900,83900,88700,89700,84900,86400,88200,85500,86500,83200
"Sullivan","NY",,"36","105",184,204450,199000,204450,179000,169000,163000,163950,149900,153000,161000,156250,169450,150500,149000,147450,139900,132500,145000,142400,130000,150000,159500,159000,165000,169000,159500,150000,159500,156950,157000,147000,149900,150000,134900,146000,136950,139000,152500,150000,144900,149999,149999,158900,149999,139000,144500,149000,139000,134995,129900,139000,150000,159000,159000,154900,149700,143500,143500,139000,139000,139000,145000,149950,150000,149000,142450,148500,148250,139000,148250,147500,133650,129000,132450,149000,154900,164500,155000,155000,149950,149900,150000,149000,149900
"Cheshire","NH","Keene","33","005",185,,,,,,,,214900,207400,199900,194900,205900,203400,189900,189450,189000,189900,194000,189000,182000,179900,183500,209000,199900,179900,187900,214000,188900,194900,195000,187900,185900,188900,188900,206500,195000,195000,195000,195000,207450,215000,212450,221950,224900,219000,209000,209000,213950,197450,199900,197450,199000,186450,179900,185000,169000,168950,169000,168950,169450,169900,187500,190000,190000,183500,179900,175000,172500,168700,175000,175450,183500,199000,184900,182750,179900,180950,184900,189000,179900,179850,174950,160950,165950
"Erie","OH","Sandusky","39","043",186,,,,,,,,,,,,,,,,,,,,,,,,,,,,,,,,,,,,,,,,,,,,,,,,,,,,,,,,,,,,,,,,,,,,95000,84900,84900,82000,69000,69000,72950,69900,67000,69000,69000,69000,69000,72450,74950,74900,69900
"Monroe","FL","Key West","12","087",187,,,,,,,,,,,,,,,,,,,,,,,,,,,,,,,,,,,,,,,,,,,,,,659000,609000,669000,683000,649000,599000,695000,654500,709450,675000,649000,656750,609499.5,664500,619000,645000,596000,699000,699000,699000,699000,699900,749450,749949.5,749000,780000,780000,810000,799450,750000,775000,775000,720000,799000,807000,929000,827150,815000,849000
"Aroostook","ME",,"23","003",188,,,,,,,,,,,,,,,,,,119500,99500,99900,99700,97250,97250,95000,94950,109500,112450,114900,119000,120000,119500,119928,129900,139000,134950,132400,119000,119700,119900,119900,119900,119900,123950,125000,127900,125000,124000,124700,124000,122500,124000,124900,124700,125000,117250,119000,118000,115000,115000,115000,114000,115000,115000,118250,118900,110000,110000,112250,110000,112500,110000,110950,110000,110000,109950,111250,115000,114250,110000,112500,113400,116000,115000,114950
"Franklin","MA","Greenfield Town","25","011",189,,,199000,195000,213450,210000,209950,209000,204500,189000,210000,179900,187450,199900,195000,189450,195000,192500,190000,203500,199000,195000,208000,199900,204450,189900,197000,197000,196500,194000,184000,164900,169950,189950,175000,175000,175000,175000,184500,189500,190500,179900,189500,194900,209000,189900,209900,199900,189500,195000,195000,229900,222000,210000,215000,211500,199900,188450,175000,193450,209000,214900,187500,187500,199900,199900,202450,199000,194450,199500,183075,187500,199900,189950,189900,211000,210000,209500,199900,199900,199900,209000,199000,188500
"Warren","NY","Glens Falls","36","113",190,160000,173450,179000,175500,177400,177400,185450,171450,171450,189000,197000,192450,169900,163950,159900,159900,159900,163500,165450,159900,162000,149950,149900,154000,156250,167450,160750,165000,159900,169900,176950,156500,161200,160450,159250,156250,159500,160000,159500,159500,161000,179900,169900,169900,169450,169900,193950,199000,185000,199000,219450,222450,232000,219900,225000,209450,199000,199000,192900,189500,189500,169000,150000,149900,158900,158900,159400,159900,159900,152400,155850,158900,167500,164900,163900,184250,189000,169900,169900,169450,161400,159900,162900,159900
"Carbon","PA","Allentown","42","025",191,,,,,,,,,,,,,,,,,,,,,,,,,,,,,,,,,,,,,,,,,,,,,,,,,,,,,,,,,,,,,,,,,,,,55000,59900,62450,59950,59900,67000,59900,62250,62250,62500,65900,66900,65450,65450,65400,60700,64900
"Herkimer","NY","Utica","36","043",192,,,,,,66250,65000,69500,69900,74450,73900,73900,71900,69900,66250,65000,67450,69900,78950,79900,78950,78950,77400,74450,75000,69900,67450,75500,75500,69900,69900,69900,69900,68900,69900,68900,67500,66700,65450,66700,67500,67500,69200,74000,69900,69900,67900,69900,69900,69000,67500,67900,67500,65000,65000,65000,65000,64500,63900,62500,59900,62950,65000,65000,65000,65000,65000,59900,59900,59900,61200,62900,62500,59900,59900,59900,66500,64900,64900,65000,64900,64900,65000,60950
"Washington","NY","Glens Falls","36","115",193,141900,132450,134900,134900,134900,129000,129000,114950,116899,125000,129450,129000,116899.5,116899,119900,115000,118950,114850,119950,119900,122500,129000,129450,129900,129999.5,124900,129000,126950,125000,125000,129900,124900,124000,129950,134950,127700,125500,127700,124900,127700,129900,129900,125500,124900,122450,124900,125000,124900,118000,122499.5,122499.5,129900,129900,148000,139900,139900,129900,129000,125000,127000,121950,119900,129000,139450,139900,131200,129900,129900,129900,129900,128000,120000,119900,119950,119950,129000,134900,134900,139900,124450,119450,119450,129950,119000
"Coos","OR","Coos Bay","41","011",194,,,,,,,,,,,,,,,,,,,,,,,,,,,,,,,,,,,,,,,,,,,,180000,179900,173500,179450,179000,189900,179500,190000,185000,187500,195000,214000,197000,175000,192500,199000,197000,199000,199000,199000,209000,199000,197000,195000,195000,183000,182000,191000,195000,195000,188450,199900,199500,199500,202450,230500,239000,239000,210999.5,210500,189000
"Otsego","NY","Oneonta","36","077",195,,,,,,,,,,,,,,,,,164900,164900,156500,156500,151182.5,140000,139450,139000,139900,140000,152500,151250,148250,150000,150000,147000,149000,139450,149000,145000,149000,149000,149000,149000,145000,149000,140000,139900,139900,139500,139000,146750,149000,139900,134000,140000,139950,146000,148325,146875,160000,159500,149900,150000,156900,148450,149900,149900,149900,159000,154900,149950,149900,150000,144900,144900,144000,143250,132450,135000,125450,125000,129950,139400,137750,129900,137500,136250
"Rutland","VT","Rutland","50","021",196,137900,149900,149900,157450,149900,149900,155000,159900,152450,152450,157450,167900,142400,141900,140000,159900,147500,159900,156000,160000,156000,153000,153000,150000,157500,159950,150000,149000,152000,152000,152000,149950,149450,149900,151500,159900,153750,155000,157450,157450,149450,145000,139900,149450,150950,147000,139000,139500,124000,139000,123000,124000,123000,125000,119900,119450,125000,129700,129900,125000,125000,129500,144000,135000,129700,125000,120450,121000,129900,128450,114950,115000,121000,129450,124900,124900,125950,119500,119000,124900,121950,119500,110000,114500
"Oxford","ME",,"23","017",197,,,,,,125000,125067,118500,104050.5,100101,99550.5,99550.5,110000,114900,112450,118150,115000,110000,114950,114950,115000,114950,118250,117700,110500,118600,119000,129450,135000,132000,137950,136900,136900,132950,136900,136900,135000,135900,139000,139000,139900,139900,138000,137400,137400,135450,136500,135450,120000,119950,125000,132000,133450,135000,138875,136000,135000,134700,135000,133450,129900,132500,129900,129900,136900,136900,129900,129900,129000,125000,128750,129000,125000,127000,129500,129500,133500,132500,135950,134950,134900,137450,139950,139900
"Windsor","VT","Claremont","50","027",198,,,,,,,,,,,,,,,,,,,239000,239000,209900,209900,230000,229950,249000,249450,249900,269000,249000,240000,237000,245000,244450,229000,217500,237000,264950,289000,295000,289000,292000,295000,292000,250000,282000,292000,282000,282000,265000,270000,249900,249450,249000,249900,247500,247500,245500,249450,246000,245500,247500,229000,254450,249900,249450,236500,229000,215000,215000,212500,215000,225750,213750,199000,202000,199000,222500,202500,220750,222500,227000,227000,222500,229000
"Fulton","NY","Gloversville","36","035",199,62900,69900,67900,69999.5,72250,70000,69999,69000,70000,73250,72000,72000,76200,69000,73950,72000,74900,74900,73000,73000,74900,74900,69900,69900,69900,70450,72000,77600,77000,79200,74750,71000,75950,84900,79900,75000,78900,69950,72500,69900,69900,70000,72500,72450,75000,74900,74900,69900,72500,67000,64100,69900,69900,69900,71000,69500,68700,69700,69700,67500,69000,69900,64900,59000,57250,59900,62500,63745,62500,59900,59900,55500,55000,54900,54900,59900,59900,59900,59900,59900,59900,59000,59450,57500
"Hancock","ME",,"23","009",200,,,,,,,254450,264065,288000,293500,299000,309900,299000,325000,299000,320000,299000,299000,299000,299000,310000,299000,317450,309950,310000,330000,309900,330000,342000,349000,349900,354450,344450,299900,325000,299000,325000,325000,329950,342000,299000,329900,309900,309900,324950,319000,299500,304950,298500,299000,295000,295000,296750,298500,312500,324900,310000,297450,325000,326250,325000,312000,315000,313500,299900,295000,295500,294500,292000,298500,295000,295000,292500,274900,278000,289500,285000,277000,295000,297000,295000,298000,290000,297000
"Pulaski","MO","Fort Leonard Wood","29","169",201,,,,,,,,,,,,,,,,,,,,,,,,,,,,,,,,,,,,,,,,,,,,,,,,,213000,213000,213000,229950,213000,213000,213000,213000,215000,215000,198000,190999.5,186000,186000,186000,186000,186000,178000,179900,184500,198000,186000,199900,199900,198250,192000,199900,199900,186000,184250,184000,176950,184000,196500,185000,191500
"Somerset","ME",,"23","025",202,,,,112700,120100,121200,120200,120900,103700,99900,97700,108950,118000,106400,99900,99900,99900,92700,97700,1e+05,99950,95500,95500,95500,104000,109500,104950,114900,114900,117500,117450,119900,117450,115450,108500,102450,99700,99500,101450,105000,118000,119700,119000,114900,110000,110000,109900,109900,109450,102449.5,109000,110000,105000,116388.5,114500,115000,114900,118838.5,112000,109900,109000,109000,109000,109450,111000,110000,114950,116450,112800,115000,114900,114900,111350,114900,112850,109900,113900,114900,115000,115000,114900,115000,114950,109900
"Taney","MO","Branson","29","213",203,,,,,,,,,,,,,,,,,,,,,,,,,,,,,,,,,,,,,,,,,,,,,,,,,,,,,,173500,174200,154750,154500,152250,150000,162900,162900,163900,169450,175000,179000,174900,173450,174900,179000,174900,173450,174900,174900,172000,179900,179000,179000,179450,179900,179900,179000,174900,174900,179000
"Franklin","NY","Malone","36","033",204,,,,,,,,,,,,,,,,,,,,,,,,,,,,,,,,,,,,,,,,,,,,,,,,,,,,,130000,127000,129950,129950,130000,129950,124700,127450,129900,124000,124750,120000,119000,119700,119500,115200,117250,119500,120000,119000,119000,124500,134750,147000,122000,122000,120000,104900,98950,99900,98000,104900
"Chenango","NY",,"36","017",205,,,,,,,,,,,,,,,,,,,,,,,,,,,,,,,,,,,,,,,,,,,,,,,,,,,,,,,,,,,,,,,,,79950,89900,89000,84900,89450,95000,89000,84900,79000,80000,80000,85250,89000,86500,81500,86800,100350,97350,90900,86800
"Montgomery","NY","Amsterdam","36","057",206,,,,,,,,,,,,,,,,74900,69000,70750,69000,69000,65000,69000,69000,70000,69000,67250,67250,65500,64900,65250,65000,68000,65000,60000,61200,64900,65000,65000,68000,64900,62000,64900,60900,61400,63200,60900,59000,55500,59900,59999.5,62000,65000,64950,60000,62250,62000,65000,68000,64900,62500,60000,59950,59950,59000,60000,64200,59000,59000,59900,59450,59000,59500,60000,65000,68500,69000,65000,64999,66400,64949.5,65450,65000,64999.5,59900
"Cortland","NY","Cortland","36","023",207,,,,,,,,,,,,,,,,,,,,,,,,,,,,,,,,,,,,,,,,,,,,,,,,,,,,,,,,,,,,,,,,,,103900,98450,99900,95000,106000,106000,114000,114000,114950,110000,104000,107000,100500,97000,99900,109000,109000,99900,109000
"Greene","NY",,"36","039",208,,,,,,,,,,,,,,,,,,,,,,,,,,,,,,,199000,199900,209900,225000,225000,224250,199900,199900,199500,199000,199000,199000,199000,210000,199125,192500,197000,190000,195000,199450,205000,207000,199950,199900,199000,199000,199000,195000,197000,199000,191500,199000,2e+05,199000,199000,177450,199000,186950,186950,185000,187000,2e+05,199950,198900,2e+05,198900,218000,208500,204000,204000,219000,219000,219000,219000
"Carroll","NH",,"33","003",209,,,,,,,,,,,,,,,,,,,,,,,,,,,,,,,,,,,,,,,,,,,,,,,,,,,,,,,,234950,239900,244950,250000,250000,239950,254500,250000,250000,228500,229450,239900,249250,249000,250000,249500,249000,239900,239500,234000,249000,249750,249000,244450,238000,233450,226400,232900,219000
"Sullivan","NH","Claremont","33","019",210,,,,,,,,135000,136900,135000,144450,139900,145000,152000,157000,159000,159000,159000,159900,159900,159450,159000,154450,149900,139700,154500,159900,167500,165000,159900,149900,147000,139900,139900,147000,144900,149900,149900,149900,149450,144900,139900,139900,142400,150000,143000,149000,140950,139900,135000,135000,137000,132000,134500,130000,138450,137000,139900,137000,139900,139850,139875,137000,139900,139900,139900,138500,138500,137000,135000,139900,138500,133950,129900,129900,132900,134900,124900,126950,126500,122700,123500,124450,123500
"Knox","ME",,"23","013",211,215000,224950,220000,217500,2e+05,2e+05,199500,198500,189250,192250,195000,189250,189000,189000,195000,192000,189000,195000,198000,199000,196500,186250,182250,172450,168000,179000,185000,195000,185000,182000,185000,189000,182000,175000,179000,185000,179000,179000,179000,187000,189000,185000,189000,189000,199000,189000,198000,199000,189450,189000,189000,182500,185000,180000,189000,195000,191750,189000,184500,180000,179000,179000,179000,179000,189000,194500,194750,199000,199000,199000,189000,189000,215000,215000,225000,240000,249000,237450,242450,230000,234900,235000,238800,238900
"Waldo","ME",,"23","027",212,239000,234900,230500,230500,229000,229000,224500,204500,219500,219500,220000,210000,199500,2e+05,223000,217450,224900,229500,249000,239000,239000,235000,237000,234950,231950,199900,199900,215000,219750,209000,215000,219500,219000,189950,189950,199000,189900,189900,194500,2e+05,194500,199950,199950,199450,199000,192450,189900,189900,189900,189000,189900,189700,179949.5,189900,197000,194950,194900,195000,190000,189900,189900,185000,189900,189900,195000,195000,192200,189900,189000,193500,199000,189450,185000,184900,185000,185000,197500,199500,199000,199000,197750,195000,215500,199950
"Sagadahoc","ME","Portland","23","023",213,,,,,,,,,,,,,,,,,,,,,,,,,,,,,,,,,,,,,,,,,,,,,,,,,,,,,,,,,,235000,225000,218900,215000,215000,216950,222000,242000,239000,217000,202450,197000,215000,185500,185200,185500,214500,230750,249900,254250,295000,265000,242400,249950,250000,249900,244900
"Lincoln","ME",,"23","015",214,,,,,,,,,,,,,,,,,,,,,,,,,,,,,,,,,,,,,,249900,250000,250000,238400,249700,238400,244250,239000,225000,225000,239500,220000,199000,209950,229000,229950,239900,241250,241250,243750,241250,249500,249900,249000,249900,249450,275000,275000,275000,279000,274900,279000,284500,279250,284000,281750,284000,289000,289000,277000,288700,289900,297000,289450,288794,288700,288944
"Coos","NH","Berlin","33","007",215,74900,74950,74900,79900,79900,79900,79900,79900,79900,79900,85000,79950,79900,79900,79900,87250,79900,79900,79900,85000,83000,89900,93500,89999,92500,89975,85000,87450,89900,85000,89000,89000,89000,86500,83400,84900,81900,81900,79500,79900,79900,84500,79900,76749.5,79000,79000,79000,74999,71200,74999.5,77000,77000,75000,75000,69900,69900,69900,69900,69900,72200,74900,69900,74900,74950,69000,68500,69000,67750,69000,67750,68500,72400,69000,68000,65000,69000,76900,79900,79900,78000,75950,75000,75000,75000
"Washington","ME",,"23","029",216,,,,,,,,,,,,,,,,,,,,,,,,,,165250,187500,162450,159500,164900,165000,167000,159450,149900,159450,164900,157250,151000,151000,164900,167500,164500,149900,148995,149900,149000,148750,145000,139900,139900,139900,143000,143950,145000,149000,149000,149000,145000,147000,149900,149000,142450,137000,135000,145000,139950,142900,139000,139000,139900,147000,143950,139000,139250,139000,145000,143000,145000,149000,143900,145000,153000,148000,142700
"Caledonia","VT",,"50","005",217,,,,,,,,,,,,,,,,,,,,,,,,,,,,,,,,,,,,,,,,,137450,139900,160000,160000,144450,160000,149000,149000,149000,162000,150000,161950,159000,159000,161950,159900,159000,159000,154900,149700,149700,129900,129900,125000,120000,118950,124950,124950,127250,128600,129250,128600,134500,130000,128600,125000,125000,125000,125000,125000,134500,144975,139000,139000
"Franklin","ME",,"23","007",218,,,,,,,,,,,,,,,,,,,,,,,,,,,,,,,,,,,,,,129900,124900,124900,129900,141250,129900,141250,129900,143750,141250,136700,146000,152400,149900,147500,143500,145900,149000,149900,149000,139950,139950,142500,147000,142500,151450,149250,154450,154450,158450,149250,163000,148750,154700,165000,166450,150000,159450,159450,187450,191900,191900,194700,194700,196500,194500,194500
"Piscataquis","ME",,"23","021",219,,,,,,,,,,,,,,,,,,,,,,,126500,125000,129700,136750,134900,119450,124700,122200,121750,117900,117900,97400,89900,97500,114900,115000,115000,109450,114500,115000,109450,110000,118000,122200,118500,109000,109500,109500,115900,116950,109500,114700,118000,110000,110000,109900,109900,109900,103000,1e+05,97450,99900,98500,99000,104950,113450,118500,119000,119000,114950,114900,102450,110000,122250,119900,122200,119900,119500,119900,119700,122500,124500
"Clay","IL",,"17","025",220,,,,,,,,,,,,,,,,,,,,,,,,,,,,,,,,,,,,,,,,,,,,,,,,89900,84500,84700,79900,79900,79900,79450,74700,76450,72000,72000,72000,76000,78000,79900,79947.5,79900,79900,78700,85450,79900,79900,79900,77500,79900,78700,79900,82000,78400,87900,85000,88000,85950,85450,79900,79700,79500
"Bayamon","PR","San Juan","72","021",221,,,,,,,,,,,,,,,,,,,,,,,,,,,,,,,,,,,,,,,,,,,,,,,,,,,,,,,,,,,,,,,,,,,,,,90000,92000,91500,90500,94900,104900,110000,114900,110000,109900,109900,104950,107450,107900,112500
"Carolina","PR","San Juan","72","031",221,,,,,,,,,,,,,,,,,,,,,,,,,,,,,,,,,,,,,,,,,,,,,,,,,,,,,,,,,,,,,,,,,,,,,99900,112450,115500,116000,109000,99900,99900,94950,89900,99900,99900,109000,109535,120950,124950,124000
"Guaynabo","PR","San Juan","72","061",221,,,,,,,,,,,,,,,,,,,,,,,,,,,,,,,,,,,,,,,,,,,,,,,,,,,,,,,,,,,,,,,,,,,,,,,,162400,162450,159900,147400,162450,154000,152000,152000,149950,144900,147450,150000,139500
"San Juan","PR","San Juan","72","127",221,,,,,,,,,,,,,,,,,,,,,,,,,,,,,,,,,,,,,,,,,,,,,,,,,,,,,,,,,,,,,,,,,,,,,,,125500,115000,115000,118000,118000,116500,120000,131500,118000,123500,119000,139000,135000,129950
